food_id,food_name,image_url,declared_status,http_status,content_type,content_length,access_status,reason
FD0001,abon,https://img-cdn.medkomtek.com/PbrY9X3ignQ8sVuj_LU9UXljyew=/0x0/smart/filters:quality(75):strip_icc():format(webp)/article/7g8ceHGDNMuttlBcXEl8d/original/099726800_1605161502-Mana-yang-Lebih-Sehat-Abon-Sapi-atau-Abon-Ayam-shutterstock_1361446550.jpg,ok,200,image/webp,75938,accessible,head
FD0002,abon haruwan,https://img-global.cpcdn.com/recipes/cbf330fbd1ba6316/1200x630cq70/photo.jpg,ok,200,image/jpeg,,accessible,head
FD0003,agar-agar,https://res.cloudinary.com/dk0z4ums3/image/upload/v1644389489/attached_image/manfaat-agar-agar-untuk-tubuh.jpg,ok,200,image/jpeg,38681,accessible,head
FD0004,alpukat segar,https://upload.wikimedia.org/wikipedia/commons/c/c9/Avocado_Hass_-_single_and_halved.jpg,refreshed,200,image/jpeg,25946218,accessible,head
FD0005,anggur hutan segar,https://cf.shopee.co.id/file/ed7f26c6de5f13ec39e9931263ade6b9,ok,200,image/jpeg,109313,accessible,head
FD0006,anyang sayur,https://static.republika.co.id/uploads/images/inpicture_slide/anyang-_180520222511-425.jpg,ok,200,image/jpeg,358092,accessible,head
FD0007,apel,https://asset.kompas.com/crops/smfd25xgXRE3HpMLb2aamPeulYM=/21x0:1476x970/1200x800/data/photo/2022/08/30/630d7ae5d041f.jpg,ok,200,image/jpeg,112950,accessible,head
FD0008,apel malang segar,https://pasarsegar.co.id/wp-content/uploads/2020/09/name-63-1.jpg,ok,200,image/jpeg,13610,accessible,head
FD0009,arbei,https://asset.kompas.com/crops/NoCuCvNGfQG6_Ct04e7Vjcabjv4=/204x0:885x454/1200x800/data/photo/2020/06/25/5ef44bb002503.jpg,ok,200,image/jpeg,100405,accessible,head
FD0010,ares sayur,https://asset-a.grid.id/crop/0x0:0x0/x/photo/2018/07/10/1764115767.jpg,ok,200,image/jpeg,74197,accessible,head
FD0011,asinan bogor sayuran,https://upload.wikimedia.org/wikipedia/commons/6/69/Food_Sundanese_Restaurant%2C_Jakarta.jpg,refreshed,200,image/jpeg,2336518,accessible,head
FD0012,ayam goreng kentuckysayap,https://img-global.cpcdn.com/recipes/2ecb088a495ef73a/680x482cq70/ayam-goreng-kentucky-foto-resep-utama.jpg,ok,200,image/jpeg,,accessible,head
FD0013,ayam ampela goreng,https://cdn1-production-images-kly.akamaized.net/MldE3BInsLHr9JgPKFlsYtmbV-E=/0x344:5472x3428/469x260/filters:quality(75):strip_icc():format(webp)/kly-media-production/medias/3142898/original/027275800_1591175314-shutterstock_188934800.jpg,ok,200,image/webp,14764,accessible,head
FD0014,ayam goreng kalasan paha,https://thumb.viva.id/intipseleb/1265x711/2022/10/21/6352aa183c0c1-resep-ayam-goreng-kalasan.jpg,ok,,,,not_checked,manual_real_food_curation_not_live_checked
FD0015,ayam goreng tepung dada,https://awsimages.detik.net.id/community/media/visual/2021/07/07/kirim-pesan-unik-kfc-2_43.jpeg?w=1200,ok,,,,not_checked,manual_real_food_curation_not_live_checked
FD0016,ayam goreng tepung paha,https://img-global.cpcdn.com/recipes/d61db7c7021bcd27/680x482cq70/paha-kentucky-yummy-foto-resep-utama.jpg,ok,,,,not_checked,manual_real_food_curation_not_live_checked
FD0017,ayam goreng paha,https://cdn1-production-images-kly.akamaized.net/EwEm3hoNsTm-YZSonSqX2IlcAaY=/1200x1200/smart/filters:quality(75):strip_icc():format(webp)/kly-media-production/medias/2938630/original/066858200_1571039590-shutterstock_153914045.jpg,ok,,,,not_checked,manual_real_food_curation_not_live_checked
FD0018,ayam taliwang,https://asset.kompas.com/crops/-oAqlkfrKHaqebhytdtKz-JV6ls=/4x0:1000x664/750x500/data/photo/2020/12/22/5fe16c7655542.jpg,ok,,,,not_checked,manual_real_food_curation_not_live_checked
FD0019,ayam usus goreng,https://img-global.cpcdn.com/recipes/fa7c9443ce9efcb5/1200x630cq70/photo.jpg,ok,,,,not_checked,manual_real_food_curation_not_live_checked
FD0020,bagea kelapa asin,https://resepkoki.id/wp-content/uploads/2018/02/Resep-Kue-Bagea.jpg,ok,,,,not_checked,manual_real_food_curation_not_live_checked
FD0021,bagea kelapa manis,https://s3.theasianparent.com/tap-assets-prod/wp-content/uploads/sites/24/2022/03/kue-bagea-featured-650x339.jpg,ok,,,,not_checked,manual_real_food_curation_not_live_checked
FD0022,bagea kenari asin,https://upload.wikimedia.org/wikipedia/commons/5/5c/Snack_Dessert.jpg,refreshed,,,,not_checked,manual_real_food_curation_not_live_checked
FD0023,bagea kenari manis,https://indonesiakaya.com/wp-content/uploads/2020/10/1__IMG_0796_CROP_Renyah_gurih_dan_manis_begitulah_kira-kira_gambaran_saat_mencicipi_kue_bagea_khas_Sulawesi_Utara.jpg,ok,,,,not_checked,manual_real_food_curation_not_live_checked
FD0024,kue bagea sagu,https://i0.wp.com/www.cakefever.com/wp-content/uploads/rsz_unknown_187780537_492967188795850_1371196946421020494_n.jpg?fit=900%2C600&ssl=1,ok,,,,not_checked,manual_real_food_curation_not_live_checked
FD0025,kue bagea sagu kelapa,https://images.tokopedia.net/img/cache/700/VqbcmM/2021/8/15/c5337e96-32c2-4453-98d0-cc17b08837f1.jpg,ok,,,,not_checked,manual_real_food_curation_not_live_checked
FD0026,baje ketan,https://cf.shopee.co.id/file/91afb76cc87856ee341c0ee5970d66a9,ok,,,,not_checked,manual_real_food_curation_not_live_checked
FD0027,bakpia kue,https://asset.kompas.com/crops/BZ6Z25Y0XcjtoHBInh10nGsMM2Q=/3x0:700x465/750x500/data/photo/2021/03/17/60514d8851d3e.jpeg,ok,,,,not_checked,manual_real_food_curation_not_live_checked
FD0028,bakso,https://asset.kompas.com/crops/x6OULHa8pMi47UnvDTzf1j62ov4=/3x0:700x465/750x500/data/photo/2022/08/25/6306b48bb80a1.jpeg,ok,,,,not_checked,manual_real_food_curation_not_live_checked
FD0029,bakwan sayur,https://i0.wp.com/resepkoki.id/wp-content/uploads/2019/04/Resep-Bakwan-Jagung-1.jpg?fit=1749%2C1920&ssl=1,ok,,,,not_checked,manual_real_food_curation_not_live_checked
FD0030,barongko pisang,https://upload.wikimedia.org/wikipedia/commons/5/5e/Barongko_hendak_dimakan.jpg,ok,,,,not_checked,manual_real_food_curation_not_live_checked
FD0031,bayam kukus,https://img-global.cpcdn.com/recipes/ff942e133f5dc64e/680x482cq70/bayam-kukus-foto-resep-utama.jpg,ok,,,,not_checked,manual_real_food_curation_not_live_checked
FD0032,bayam rebus,https://img-global.cpcdn.com/recipes/5be8dc1e0002f811/1200x630cq70/photo.jpg,ok,,,,not_checked,manual_real_food_curation_not_live_checked
FD0033,bayam tumis oncom,"https://blue.kumparan.com/image/upload/fl_progressive,fl_lossy,c_fill,q_auto:best,w_640/v1601173915/chhxzj6dnkwkryigiyrl.jpg",ok,,,,not_checked,manual_real_food_curation_not_live_checked
FD0034,bayam tumis bersantan,https://upload.wikimedia.org/wikipedia/commons/7/79/Fried_vegetables_%28Hamsa_-_Kuwaiti_food_%29.JPG,refreshed,,,,not_checked,manual_real_food_curation_not_live_checked
FD0035,bebek daging goreng,https://asset.kompas.com/crops/y8jlET9Zwl-5iykdc5t58sS-_KY=/0x52:1000x719/750x500/data/photo/2020/07/14/5f0d253a6edd5.jpg,ok,,,,not_checked,manual_real_food_curation_not_live_checked
FD0036,burger sapi,https://upload.wikimedia.org/wikipedia/commons/4/43/NCI%20Visuals%20Food%20Hamburger.jpg,ok,,,,not_checked,manual_real_food_curation_not_live_checked
FD0037,daging sapi teriyaki,https://upload.wikimedia.org/wikipedia/commons/d/d2/Beef%20Teriyaki%20from%20Sarku%20Japan%20at%20the%20Natick%20Mall%2C%20Natick%20MA.jpg,ok,,,,not_checked,manual_real_food_curation_not_live_checked
FD0038,daging sapi yakiniku,https://asset.kompas.com/crops/awoHyKStB8lI_yqs1PTI3VjIHsE=/78x42:958x629/750x500/data/photo/2022/12/08/6391613d09412.jpg,ok,,,,not_checked,manual_real_food_curation_not_live_checked
FD0039,belimbing,https://cdn0-production-images-kly.akamaized.net/vVBJG9Flt0ncPec4-hGyZftu4og=/1200x900/smart/filters:quality(75):strip_icc():format(jpeg)/kly-media-production/medias/2778801/original/086460500_1556885614-belimbing.jpg,ok,,,,not_checked,manual_real_food_curation_not_live_checked
FD0040,bengkuang,https://upload.wikimedia.org/wikipedia/commons/7/79/Fried_vegetables_%28Hamsa_-_Kuwaiti_food_%29.JPG,refreshed,,,,not_checked,manual_real_food_curation_not_live_checked
FD0041,bentul talas kukus,https://upload.wikimedia.org/wikipedia/commons/6/69/Food_Sundanese_Restaurant%2C_Jakarta.jpg,refreshed,,,,not_checked,manual_real_food_curation_not_live_checked
FD0042,nasi putih,https://upload.wikimedia.org/wikipedia/commons/8/84/Cooked_Rice_2.jpg,refreshed,,,,not_checked,manual_real_food_curation_not_live_checked
FD0043,ketan hitam kukus,https://img.freepik.com/free-photo/purple-rice-berries-cooked-wooden-dish-with-mint-leaves_1150-19858.jpg?w=1060&t=st=1683884169~exp=1683884769~hmac=cbae358960d57fe16933cd26ccb63b1353dd59576d26b5334b0f7a9f732a4539,ok,,,,not_checked,manual_real_food_curation_not_live_checked
FD0044,ketan putih kukus,https://img.freepik.com/free-photo/white-rice-is-placed-cup-wooden-floor_1150-26270.jpg?w=1060&t=st=1683884551~exp=1683885151~hmac=a53080997cbf768ead7314bfb2a4eb430be3da2f4caefbe22061ff25aa62d18d,ok,,,,not_checked,manual_real_food_curation_not_live_checked
FD0045,bihun goreng,https://upload.wikimedia.org/wikipedia/commons/e/ed/MIE_KERING_MAKASSAR.jpg,refreshed,,,,not_checked,manual_real_food_curation_not_live_checked
FD0046,bihun goreng instan,https://img-global.cpcdn.com/recipes/98b4c2fca1b1e699/1200x630cq70/photo.jpg,ok,,,,not_checked,manual_real_food_curation_not_live_checked
FD0047,kacang mete,https://static.republika.co.id/uploads/images/inpicture_slide/biji-jambu-mete-seorang-warga-menunjukkan-biji-jambu-mete-_121124152601-814.jpg,ok,,,,not_checked,manual_real_food_curation_not_live_checked
FD0048,kacang mete goreng,https://upload.wikimedia.org/wikipedia/commons/c/c9/Avocado_Hass_-_single_and_halved.jpg,refreshed,,,,not_checked,manual_real_food_curation_not_live_checked
FD0049,bika ambon,https://upload.wikimedia.org/wikipedia/commons/6/69/Food_Sundanese_Restaurant%2C_Jakarta.jpg,refreshed,,,,not_checked,manual_real_food_curation_not_live_checked
FD0050,biskuit,https://s4.bukalapak.com/bukalapak-kontenz-production/content_attachments/57314/original/main_merek_biskuit_enak_shutterstock.jpg,ok,,,,not_checked,manual_real_food_curation_not_live_checked
FD0051,bonggol pisang,https://lzd-img-global.slatic.net/g/ff/kf/S1463a138f13a4911a9d6d535825ddb61O.jpg_720x720q80.jpg,ok,,,,not_checked,manual_real_food_curation_not_live_checked
FD0052,bonggol pisang kering,https://upload.wikimedia.org/wikipedia/commons/6/69/Food_Sundanese_Restaurant%2C_Jakarta.jpg,refreshed,,,,not_checked,manual_real_food_curation_not_live_checked
FD0053,buah naga merah segar,https://www.static-src.com/wcsstore/Indraprastha/images/catalog/full//85/MTA-51432240/no-brand_buah-naga-merah-segar-fresh-1-pcs_full01.jpg,ok,,,,not_checked,manual_real_food_curation_not_live_checked
FD0054,buah naga putih segar,https://cf.shopee.co.id/file/957f1f3ed49275a0fe2f2d9ac37524e4,ok,,,,not_checked,manual_real_food_curation_not_live_checked
FD0055,buah nona,https://upload.wikimedia.org/wikipedia/commons/c/c9/Avocado_Hass_-_single_and_halved.jpg,refreshed,,,,not_checked,manual_real_food_curation_not_live_checked
FD0056,bubur,https://awsimages.detik.net.id/community/media/visual/2021/12/13/resep-bubur-ayam-cincang_43.jpeg?w=1200,ok,,,,not_checked,manual_real_food_curation_not_live_checked
FD0057,bubur sagu,https://img-global.cpcdn.com/recipes/541f0543f5b40b2a/680x482cq70/bubur-sagu-foto-resep-utama.jpg,ok,,,,not_checked,manual_real_food_curation_not_live_checked
FD0058,bubur tinotuan manado,https://asset.kompas.com/crops/8IPl4RcIfLh3fkwXhKHPuPHqoz8=/81x22:892x563/750x500/data/photo/2020/05/13/5ebbdec618a37.jpg,ok,,,,not_checked,manual_real_food_curation_not_live_checked
FD0059,bulgogi sapi,https://asset.kompas.com/crops/MGdiKvcc-R0j5purun8FmiLeX_U=/0x0:0x0/750x500/data/photo/2020/12/23/5fe2c9413a6ce.jpg,ok,,,,not_checked,manual_real_food_curation_not_live_checked
FD0060,caisin segar,https://images.tokopedia.net/img/cache/700/product-1/2020/4/5/5400804/5400804_d23967b7-039f-4904-97d8-6a303aae6628_1051_1051.jpg,ok,,,,not_checked,manual_real_food_curation_not_live_checked
FD0061,cake tape,https://resepkoki.id/wp-content/uploads/2016/12/Resep-Bolu-Tape.jpg,ok,,,,not_checked,manual_real_food_curation_not_live_checked
FD0062,cap cai sayur,https://awsimages.detik.net.id/community/media/visual/2021/12/25/resep-capcay-kuah-kental.jpeg?w=1200,ok,,,,not_checked,manual_real_food_curation_not_live_checked
FD0063,carica papaya segar,https://i0.wp.com/ygi.or.id/wp-content/uploads/2021/10/Manfaat-pepaya-www.ygi_.or_.id_.jpg?resize=678%2C381&ssl=1,ok,,,,not_checked,manual_real_food_curation_not_live_checked
FD0064,cempedak,https://images.genpi.co/uploads/kalbar/arsip/normal/2022/07/15/buah-cempedak-foto-istockphotocom-n3j5.jpg,ok,,,,not_checked,manual_real_food_curation_not_live_checked
FD0065,ceriping getuk singkong,https://cf.shopee.co.id/file/ee6c6b19853ec0734ceff90d980e685c,ok,,,,not_checked,manual_real_food_curation_not_live_checked
FD0066,ayam teriyaki,https://img-global.cpcdn.com/recipes/ff7dc38da72458fa/680x482cq70/ayam-teriyaki-ala-hokben-foto-resep-utama.jpg,ok,,,,not_checked,manual_real_food_curation_not_live_checked
FD0067,chicken yakiniku,https://upload.wikimedia.org/wikipedia/commons/6/69/Food_Sundanese_Restaurant%2C_Jakarta.jpg,refreshed,,,,not_checked,manual_real_food_curation_not_live_checked
FD0068,cokelat batang manis,https://www.mampu.or.id/wp-content/uploads/2022/10/6007a9065cace.jpeg,ok,,,,not_checked,manual_real_food_curation_not_live_checked
FD0069,cokelat batang pahit,https://nilaigizi.com/assets/images/produk/produk_1535873875.jpg,ok,,,,not_checked,manual_real_food_curation_not_live_checked
FD0070,combro,https://upload.wikimedia.org/wikipedia/commons/6/69/Food_Sundanese_Restaurant%2C_Jakarta.jpg,refreshed,,,,not_checked,manual_real_food_curation_not_live_checked
FD0071,coto makassar sapi,https://upload.wikimedia.org/wikipedia/commons/0/0b/Coto%20makassar.jpg,ok,,,,not_checked,manual_real_food_curation_not_live_checked
FD0072,cumi-cumi goreng,https://i0.wp.com/resepmasakandapurarie.com/wp-content/uploads/2014/09/Resep-Cumi-Goreng-Tepung-Crispy-.jpg,ok,,,,not_checked,manual_real_food_curation_not_live_checked
FD0073,daging asap,https://asset.kompas.com/crops/hysnw0J-U1aA8CzBNW5j_uEC3s8=/0x476:1080x1196/750x500/data/photo/2022/03/22/6239bc36b14f4.jpg,ok,,,,not_checked,manual_real_food_curation_not_live_checked
FD0074,daun kacang panjang kukus,https://img-global.cpcdn.com/recipes/4ec6b371c573cabe/680x482cq70/sayur-bobor-lembayung-daun-kacang-panjang-foto-resep-utama.jpg,ok,,,,not_checked,manual_real_food_curation_not_live_checked
FD0075,daun katuk rebus,https://img-global.cpcdn.com/recipes/68161cf2088797fc/680x482cq70/rebus-daun-katuk-foto-resep-utama.jpg,ok,,,,not_checked,manual_real_food_curation_not_live_checked
FD0076,daun kelor rebus,https://img-global.cpcdn.com/recipes/ed600b784cb28839/680x482cq70/daun-kelor-rebus-foto-resep-utama.jpg,ok,,,,not_checked,manual_real_food_curation_not_live_checked
FD0077,daun mengkudu kukus,https://img-global.cpcdn.com/recipes/49833231f339c1b4/680x482cq70/pilas-pindang-daun-mengkudu-foto-resep-utama.jpg,ok,,,,not_checked,manual_real_food_curation_not_live_checked
FD0078,daun singkong lodeh,https://asset.kompas.com/crops/mxv9DRtBdiPbq6Lb9lPvPEn4Mtk=/0x0:1000x667/750x500/data/photo/2020/10/21/5f8f3ec62aee7.jpg,ok,,,,not_checked,manual_real_food_curation_not_live_checked
FD0079,daun singkong rebus,https://img-global.cpcdn.com/recipes/0aba29b97a7b109f/680x482cq70/daun-singkong-rebus-ala-rm-padang-foto-resep-utama.jpg,ok,,,,not_checked,manual_real_food_curation_not_live_checked
FD0080,daun talas rebus,https://archive.netralnews.com/foto/2020/04/13/76-daun_talas_sangat_lezat_dibuat_masakan_buntil.jpg,ok,,,,not_checked,manual_real_food_curation_not_live_checked
FD0081,daun ubi jalar kukus,https://cdnimage2.caping.co.id/news/20220228/2a/1619199045A782A517.jpg_480A0A1A80.webp,ok,,,,not_checked,manual_real_food_curation_not_live_checked
FD0082,daun ubi merah kukus,https://cdn1-production-images-kly.akamaized.net/53ShO_wlxOo4hIuWjKZKBK2QLvQ=/469x260/smart/filters:quality(75):strip_icc():format(webp)/kly-media-production/medias/2580229/original/025700500_1546586996-resep-tumis-daun-ubi-jalar.jpg,ok,,,,not_checked,manual_real_food_curation_not_live_checked
FD0083,dendeng belut goreng,https://commons.wikimedia.org/wiki/Special:FilePath/Dendeng%20balado.JPG,ok,,,,not_checked,manual_real_food_curation_not_live_checked
FD0084,dendeng daging sapi,https://awsimages.detik.net.id/community/media/visual/2022/02/20/resep-dendeng-sapi-medan_43.jpeg?w=700&q=90,ok,,,,not_checked,manual_real_food_curation_not_live_checked
FD0085,dendeng mujair goreng,https://img-global.cpcdn.com/recipes/c49ebd05c391ae54/680x482cq70/dendeng-mujair-foto-resep-utama.jpg,ok,,,,not_checked,manual_real_food_curation_not_live_checked
FD0086,dodol,https://asset.kompas.com/crops/e3JycmGm1r9fr7krT-Kj-p7R3m0=/32x18:1000x664/750x500/data/photo/2023/03/03/64014f11134b7.jpeg,ok,,,,not_checked,manual_real_food_curation_not_live_checked
FD0087,dodol bali,https://awsimages.detik.net.id/community/media/visual/2022/06/13/dodol-khas-bali-berbungkus-kulit-jagung-kering-buatan-perajin-dodol-di-desa-penglatan-kecamatan-buleleng-kabupaten-buleleng_169.jpeg?w=620,ok,,,,not_checked,manual_real_food_curation_not_live_checked
FD0088,dodol banjarmasin,https://indonesiakaya.com/wp-content/uploads/2020/10/4__Sentra_pembuatan_dodol_Kandangan_berada_di_kabupaten_Hulu_Sungai_Selatan_kota_Banjarmasin_Kalimantan_Selatan_edit.jpg,ok,,,,not_checked,manual_real_food_curation_not_live_checked
FD0089,dodol galamai,https://cdn.idntimes.com/content-images/community/2021/01/101186477-721573788678961-609266625911808050-n-0b2e3fe55c98e8dc089991ca6127b017-d50f4f0a2cefd2131bdbae4fd41bbbef.jpg,ok,,,,not_checked,manual_real_food_curation_not_live_checked
FD0090,dodol kedondong,https://upload.wikimedia.org/wikipedia/commons/5/5c/Snack_Dessert.jpg,refreshed,,,,not_checked,manual_real_food_curation_not_live_checked
FD0091,dodol manado,https://upload.wikimedia.org/wikipedia/commons/5/5c/Snack_Dessert.jpg,refreshed,,,,not_checked,manual_real_food_curation_not_live_checked
FD0092,duku,https://upload.wikimedia.org/wikipedia/commons/3/32/Duku%20Lansium%20domesticum%20Ripe.jpg,ok,,,,not_checked,manual_real_food_curation_not_live_checked
FD0093,durian,https://asset-a.grid.id/crop/0x0:0x0/x/photo/2023/01/20/alasan-mengapa-buah-durian-diseb-20230120035049.jpg,ok,,,,not_checked,manual_real_food_curation_not_live_checked
FD0094,empal daging sapi goreng,https://upload.wikimedia.org/wikipedia/commons/f/f2/Empal%20Daging.jpg,ok,,,,not_checked,manual_real_food_curation_not_live_checked
FD0095,empal goreng sapi,https://ikafood.com/wp-content/uploads/2020/09/Empal-Gepuk.jpg,ok,,,,not_checked,manual_real_food_curation_not_live_checked
FD0096,emping melinjo,https://cdns.klimg.com/merdeka.com/i/w/news/2020/09/24/1224077/540x270/cara-membuat-emping-melinjo-yang-gurih-dan-renyah-mudah-dipraktikkan.jpg,ok,,,,not_checked,manual_real_food_curation_not_live_checked
FD0097,emping komak,https://upload.wikimedia.org/wikipedia/commons/5/5c/Snack_Dessert.jpg,refreshed,,,,not_checked,manual_real_food_curation_not_live_checked
FD0098,enting-enting gepuk,https://lzd-img-global.slatic.net/g/p/46ae93d66169830341e0450a39d663b5.jpg_720x720q80.jpg_.webp,ok,,,,not_checked,manual_real_food_curation_not_live_checked
FD0099,enting-enting gepuk kacang tanah,https://eventkampus.com/data/artikel/2/enting-enting-khas-salatiga-asal-usul-dan-kandungan-nutrisi-dalam-enting-enting.jpeg,ok,,,,not_checked,manual_real_food_curation_not_live_checked
FD0100,enting-enting wijen,https://img-global.cpcdn.com/recipes/fb33825abf7ebb72/680x482cq70/enting-enting-kacang-wijen-foto-resep-utama.jpg,ok,,,,not_checked,manual_real_food_curation_not_live_checked
FD0101,es krim,https://cdn0-production-images-kly.akamaized.net/HfkjSnesMVgDaS0dVGBUFFN6sZw=/1200x1200/smart/filters:quality(75):strip_icc():format(webp)/kly-media-production/medias/2769420/original/063670200_1554367843-birthday-break-caramel-461430.jpg,ok,,,,not_checked,manual_real_food_curation_not_live_checked
FD0102,es krim coconut milk,https://cdn.nutritioninthekitch.com/wp-content/uploads/2022/03/Coconut-ice-cream-5-800x1184.jpg,ok,,,,not_checked,manual_real_food_curation_not_live_checked
FD0103,gado-gado,https://upload.wikimedia.org/wikipedia/commons/2/26/Gado_gado_jakarta.jpg,ok,,,,not_checked,manual_real_food_curation_not_live_checked
FD0104,gambas lodeh,"https://cdn.yummy.co.id/content-images/images/20210411/n8JWL5o9Saqut50aP4W9cCHqob98nCg8-31363138313239343736d41d8cd98f00b204e9800998ecf8427e.jpg?x-oss-process=image/resize,w_388,h_388,m_fixed,x-oss-process=image/format,webp",ok,,,,not_checked,manual_real_food_curation_not_live_checked
FD0105,gemblong ketan,https://asset.kompas.com/crops/I3Y-iWTZTZ0TLo5ZTtNqPtrya_s=/0x73:1280x926/750x500/data/photo/2020/08/16/5f3913fdc5e69.jpg,ok,,,,not_checked,manual_real_food_curation_not_live_checked
FD0106,gendar goreng,https://img-global.cpcdn.com/recipes/8740dfff5f5019cb/1200x630cq70/photo.jpg,ok,,,,not_checked,manual_real_food_curation_not_live_checked
FD0107,getuk goreng,https://resepkoki.id/wp-content/uploads/2016/03/Resep-Getuk-goreng.jpg,ok,,,,not_checked,manual_real_food_curation_not_live_checked
FD0108,getuk lindri,https://asset-a.grid.id/crop/0x0:0x0/x/photo/2018/12/21/1509136869.jpg,ok,,,,not_checked,manual_real_food_curation_not_live_checked
FD0109,getuk singkong,https://images.tokopedia.net/img/KRMmCm/2022/8/9/d04d11c4-f1e5-4595-8166-a53955b475ca.jpg,ok,,,,not_checked,manual_real_food_curation_not_live_checked
FD0110,gudeg,https://cdn1-production-images-kly.akamaized.net/IpYTbngk7MSDqY-O2zh-l35oxxs=/1200x1200/smart/filters:quality(75):strip_icc():format(jpeg)/kly-media-production/medias/776636/original/012158200_1417956101-gudeg.jpg,ok,,,,not_checked,manual_real_food_curation_not_live_checked
FD0111,gudeg sayur,https://1.bp.blogspot.com/-dubLmtxl4XI/V9NzynrpH4I/AAAAAAAAZTY/Mh8U8r2Fy58EWteb0ARFDyZWj7Wot4n0ACLcB/s1600/A%2BGUDEG%2BBASAH%2BIG.jpg,ok,,,,not_checked,manual_real_food_curation_not_live_checked
FD0112,gulai ikan,https://sweetrip.id/wp-content/uploads/2022/10/1.jpg,ok,,,,not_checked,manual_real_food_curation_not_live_checked
FD0113,gulai ikan paya,https://www.glory-travel.com/wp-content/uploads/2018/11/o1AJ9qDyyJNSpZWhUgGYc3MngFqoAN6WRcGHHcyTN6eXyGCVk.jpg,ok,,,,not_checked,manual_real_food_curation_not_live_checked
FD0114,gulai kambing,https://commons.wikimedia.org/wiki/Special:FilePath/Gulai%20tongseng%20kambing.JPG,ok,,,,not_checked,manual_real_food_curation_not_live_checked
FD0115,gulai keumamah,https://img-global.cpcdn.com/recipes/d43cbe5d1ad0490d/680x482cq70/gulai-keumamah-foto-resep-utama.jpg,ok,,,,not_checked,manual_real_food_curation_not_live_checked
FD0116,gulai pakis,https://www.agrowindo.com/wp-content/uploads/2017/06/Gulai-pakis-agrowindo.jpg,ok,,,,not_checked,manual_real_food_curation_not_live_checked
FD0117,gulai pliek,https://commons.wikimedia.org/wiki/Special:FilePath/Kuwah%20Pliek%20U.jpg,ok,,,,not_checked,manual_real_food_curation_not_live_checked
FD0118,gulai tiram,https://img-global.cpcdn.com/recipes/09856a93968f8df1/1200x630cq70/photo.jpg,ok,,,,not_checked,manual_real_food_curation_not_live_checked
FD0119,gurame asam manis,https://d12man5gwydfvl.cloudfront.net/wp-content/uploads/2020/03/shutterstock_1561182373.jpg,ok,,,,not_checked,manual_real_food_curation_not_live_checked
FD0120,ikan asar merah,https://upload.wikimedia.org/wikipedia/commons/f/f3/Cakalang%20fufu.JPG,ok,,,,not_checked,manual_real_food_curation_not_live_checked
FD0121,ikan asin bilis goreng,https://img-global.cpcdn.com/recipes/446879a009d58694/1200x630cq70/photo.jpg,ok,,,,not_checked,manual_real_food_curation_not_live_checked
FD0122,ikan asin gabus goreng,https://images.tokopedia.net/img/cache/700/product-1/2019/7/27/6486945/6486945_99c1b375-e266-42bb-b539-f5731fb74114_960_960.jpg,ok,,,,not_checked,manual_real_food_curation_not_live_checked
FD0123,ikan asin japuh goreng,https://img-global.cpcdn.com/recipes/756a62f3201bd80c/1200x630cq70/photo.jpg,ok,,,,not_checked,manual_real_food_curation_not_live_checked
FD0124,ikan asin pari goreng,https://img-global.cpcdn.com/recipes/Recipe_2015_01_31_12_33_39_810_87c9c03bd7c9a069b268/680x482cq70/ikan-pari-goreng-foto-resep-utama.jpg,ok,,,,not_checked,manual_real_food_curation_not_live_checked
FD0125,ikan asin pepetek goreng,https://img-global.cpcdn.com/recipes/63c1692184e591d6/1200x630cq70/photo.jpg,ok,,,,not_checked,manual_real_food_curation_not_live_checked
FD0126,ikan asin sirinding goreng,https://images.tokopedia.net/img/cache/700/product-1/2020/2/4/7723047/7723047_740a394f-4f87-467c-bb24-6ff77d857edd_1224_1224.jpg,ok,,,,not_checked,manual_real_food_curation_not_live_checked
FD0127,ikan asin teri goreng,https://img-global.cpcdn.com/recipes/15714e008b15f3e0/680x482cq70/teri-segar-goreng-tanpa-minyak-foto-resep-utama.jpg,ok,,,,not_checked,manual_real_food_curation_not_live_checked
FD0128,bandeng presto,https://www.philips.com/c-dam/b2c/id_ID/experience/ho/cooking/iikan-goreng-thumbnail.jpg,ok,,,,not_checked,manual_real_food_curation_not_live_checked
FD0129,ikan baung bakar,https://commons.wikimedia.org/wiki/Special:FilePath/Ikan%20Bakar.jpg,ok,,,,not_checked,manual_real_food_curation_not_live_checked
FD0130,ikan belida bakar,https://nilaigizi.com/assets/images/produk/produk_1535645437.JPG,ok,,,,not_checked,manual_real_food_curation_not_live_checked
FD0131,ikan gete goreng,https://nilaigizi.com/assets/images/produk/produk_1535646628.jpg,ok,,,,not_checked,manual_real_food_curation_not_live_checked
FD0132,ikan lais bakar,https://commons.wikimedia.org/wiki/Special:FilePath/Ikan%20bakar.jpg,ok,,,,not_checked,manual_real_food_curation_not_live_checked
FD0133,ikan lele goreng,https://commons.wikimedia.org/wiki/Special:FilePath/Lele%20Goreng.jpg,ok,,,,not_checked,manual_real_food_curation_not_live_checked
FD0134,ikan mas goreng,https://cdn1-production-images-kly.akamaized.net/PoXdFBAzit7rJj6MDEQSxQ35dT8=/0x462:5162x3371/1200x675/filters:quality(75):strip_icc():format(webp)/kly-media-production/medias/2930376/original/062217400_1570175183-shutterstock_445394449.jpg,ok,,,,not_checked,manual_real_food_curation_not_live_checked
FD0135,ikan mas pepes,https://assets.pikiran-rakyat.com/crop/0x0:0x0/x/photo/2022/01/06/1877204615.jpg,ok,,,,not_checked,manual_real_food_curation_not_live_checked
FD0136,dendeng ikan mujair goreng,https://img-global.cpcdn.com/recipes/c49ebd05c391ae54/680x482cq70/dendeng-mujair-foto-resep-utama.jpg,ok,,,,not_checked,manual_real_food_curation_not_live_checked
FD0137,ikan mujair goreng,https://commons.wikimedia.org/wiki/Special:FilePath/Ikan%20Goreng.jpg,ok,,,,not_checked,manual_real_food_curation_not_live_checked
FD0138,ikan mujair pepes,https://sweetrip.id/wp-content/uploads/2022/10/a-pepeas.jpg,ok,,,,not_checked,manual_real_food_curation_not_live_checked
FD0139,ikan papuyu bakar,https://img-global.cpcdn.com/recipes/c0df8c1401aba288/1200x630cq70/photo.jpg,ok,,,,not_checked,manual_real_food_curation_not_live_checked
FD0140,ikan patin bakar,https://awsimages.detik.net.id/community/media/visual/2022/05/16/resep-ikan-patin-bakar-bumbu-kecap-pedas_43.jpeg?w=1200,ok,,,,not_checked,manual_real_food_curation_not_live_checked
FD0141,ikan sanggang,https://img-global.cpcdn.com/recipes/fafa134ca5a95acb/680x482cq70/ikan-bakar-kelabau-ala-mamak-tya-foto-resep-utama.jpg,ok,,,,not_checked,manual_real_food_curation_not_live_checked
FD0142,intip goreng,https://img-global.cpcdn.com/recipes/4dece0e171a7ee52/1200x630cq70/photo.jpg,ok,,,,not_checked,manual_real_food_curation_not_live_checked
FD0143,jagung grontol,https://img-global.cpcdn.com/recipes/763fb46246f99eb2/680x482cq70/grontol-jagung-foto-resep-utama.jpg,ok,,,,not_checked,manual_real_food_curation_not_live_checked
FD0144,jagung kuning pipil rebus,https://asset-a.grid.id/crop/0x0:0x0/700x0/photo/2021/11/13/webpnet-resizeimage-2021-11-1-20211113101409.jpg,ok,,,,not_checked,manual_real_food_curation_not_live_checked
FD0145,jagung muda rebus,https://img-global.cpcdn.com/recipes/692c7955006bca76/1200x630cq70/photo.jpg,ok,,,,not_checked,manual_real_food_curation_not_live_checked
FD0146,jagung rebus,https://asset.kompas.com/crops/L0i8I7tD8bIDLcs9nVG_Ok9egfI=/0x0:1000x667/750x500/data/photo/2021/10/05/615b9e713eeda.jpg,ok,,,,not_checked,manual_real_food_curation_not_live_checked
FD0147,jagung sayur tumis,https://upload.wikimedia.org/wikipedia/commons/7/79/Fried_vegetables_%28Hamsa_-_Kuwaiti_food_%29.JPG,refreshed,,,,not_checked,manual_real_food_curation_not_live_checked
FD0148,jagung titi,https://upload.wikimedia.org/wikipedia/commons/6/69/Food_Sundanese_Restaurant%2C_Jakarta.jpg,refreshed,,,,not_checked,manual_real_food_curation_not_live_checked
FD0149,ikan jambal goreng,https://img-global.cpcdn.com/recipes/c8380e9b21a49f17/680x482cq70/ikan-asin-jambal-goreng-renyah-tips-foto-resep-utama.jpg,ok,,,,not_checked,manual_real_food_curation_not_live_checked
FD0150,jambu air,https://upload.wikimedia.org/wikipedia/commons/c/c9/Avocado_Hass_-_single_and_halved.jpg,refreshed,,,,not_checked,manual_real_food_curation_not_live_checked
FD0151,jambu biji,https://asset.kompas.com/crops/4TGyZIJJ3wev1NuC6g-2Pggg6tA=/51x58:931x644/750x500/data/photo/2022/10/28/635b7364a7089.jpg,ok,,,,not_checked,manual_real_food_curation_not_live_checked
FD0152,jambu bol,https://asset.kompas.com/crops/CRaVBVmC7B0888k4y86iwwNsCvo=/0x41:1000x707/750x500/data/photo/2021/06/15/60c82d8d8e0d2.jpg,ok,,,,not_checked,manual_real_food_curation_not_live_checked
FD0153,jambu monyet buah,https://images.tokopedia.net/img/cache/500-square/product-1/2018/1/7/15542540/15542540_dac5a5c7-8e74-415d-b2c9-2725481acb7d_705_628.jpg,ok,,,,not_checked,manual_real_food_curation_not_live_checked
FD0154,jeruk bali,https://d1vbn70lmn1nqe.cloudfront.net/prod/wp-content/uploads/2021/11/15053620/Jeruk-Bali-Kaya-Vitamin-C-Ini-Manfaatnya-untuk-Kesehatan.jpg,ok,,,,not_checked,manual_real_food_curation_not_live_checked
FD0155,jeruk banjar segar,https://images.tokopedia.net/img/cache/250-square/VqbcmM/2022/6/20/c671b4ac-5716-43f7-a15a-3a946e27c869.jpg?ect=4g,ok,,,,not_checked,manual_real_food_curation_not_live_checked
FD0156,jeruk garut,https://upload.wikimedia.org/wikipedia/commons/c/c9/Avocado_Hass_-_single_and_halved.jpg,refreshed,,,,not_checked,manual_real_food_curation_not_live_checked
FD0157,jeruk kalamansi segar,https://lzd-img-global.slatic.net/g/ff/kf/Sd9344c04c7df41bb8787ac8325e92891D.jpg_200x200q80.jpg_.webp,ok,,,,not_checked,manual_real_food_curation_not_live_checked
FD0158,jeruk manis,https://img.okezone.com/content/2015/07/30/298/1187784/tips-pilih-jeruk-berkualitas-baik-segar-oOeyrrcWKr.jpg,ok,,,,not_checked,manual_real_food_curation_not_live_checked
FD0159,jeruk nipis,https://asset-a.grid.id/crop/0x0:0x0/700x465/photo/2020/03/02/2284586354.png,ok,,,,not_checked,manual_real_food_curation_not_live_checked
FD0160,ikan pallu kaloa,"https://blue.kumparan.com/image/upload/fl_progressive,fl_lossy,c_fill,q_auto:best,f_jpg,w_480/bj0crytdzulie8ypcyxz.jpg",ok,,,,not_checked,manual_real_food_curation_not_live_checked
FD0161,kacang atom,https://img-global.cpcdn.com/recipes/74c03b7bf26daaf4/680x482cq70/sukro-kacang-atom-foto-resep-utama.jpg,ok,,,,not_checked,manual_real_food_curation_not_live_checked
FD0162,kacang belimbing rebus,https://cdn1-production-images-kly.akamaized.net/TNGJxQzLI6y-VeIWmj2-GBuyLBQ=/1200x900/smart/filters:quality(75):strip_icc():format(jpeg)/kly-media-production/medias/2729965/original/086034000_1550232841-foto_kecipir.JPG,ok,,,,not_checked,manual_real_food_curation_not_live_checked
FD0163,kacang bogor goreng,https://img-global.cpcdn.com/recipes/375c798c374e2ef5/680x482cq70/kacang-bogor-goreng-foto-resep-utama.jpg,ok,,,,not_checked,manual_real_food_curation_not_live_checked
FD0164,kacang bogor rebus,https://pbs.twimg.com/media/ErcuMzmVcAQFOI9.jpg,ok,,,,not_checked,manual_real_food_curation_not_live_checked
FD0165,kacang gude rebus,https://img-global.cpcdn.com/recipes/dba1205c0417dd10/680x482cq70/gule-kacang-gude-dan-pepaya-foto-resep-utama.jpg,ok,,,,not_checked,manual_real_food_curation_not_live_checked
FD0166,kacang hijau rebus,https://cdns.klimg.com/merdeka.com/i/w/news/2019/11/19/1126920/540x270/tips-dan-cara-membuat-sari-kacang-hijau-yang-benar-untuk-kesuburan.jpg,ok,,,,not_checked,manual_real_food_curation_not_live_checked
FD0167,kacang kapri goreng,https://sc04.alicdn.com/kf/HTB1TBuVqKuSBuNjSsziq6zq8pXae.jpg,ok,,,,not_checked,manual_real_food_curation_not_live_checked
FD0168,kacang kedelai goreng,https://img-global.cpcdn.com/recipes/e4e2747431572f24/680x482cq70/kacang-kedelai-goreng-foto-resep-utama.jpg,ok,,,,not_checked,manual_real_food_curation_not_live_checked
FD0169,kacang kedelai kukus,https://img2.beritasatu.com/cache/beritasatu/910x580-2/20082012110024.jpg,ok,,,,not_checked,manual_real_food_curation_not_live_checked
FD0170,kacang kedelai rebus,https://assets.pikiran-rakyat.com/crop/0x0:0x0/x/photo/2020/07/27/1000907679.jpg,ok,,,,not_checked,manual_real_food_curation_not_live_checked
FD0171,kacang panjang kukus,https://asset-a.grid.id/crop/0x0:0x0/700x465/photo/2021/08/20/kacang-panjangjpg-20210820065144.jpg,ok,,,,not_checked,manual_real_food_curation_not_live_checked
FD0172,kacang panjang tumis,https://asset.kompas.com/crops/If5HOEMwzIA4cyaXwjSvrF79U2E=/1x25:963x667/750x500/data/photo/2021/02/27/6039ddfacfede.jpg,ok,,,,not_checked,manual_real_food_curation_not_live_checked
FD0173,kacang sukro,https://upload.wikimedia.org/wikipedia/commons/5/5c/Snack_Dessert.jpg,refreshed,,,,not_checked,manual_real_food_curation_not_live_checked
FD0174,kacang sukro putih,https://cdn1.productnation.co/stg/sites/5/5cbfb08983c9b.jpeg,ok,,,,not_checked,manual_real_food_curation_not_live_checked
FD0175,kacang tanah atom,https://upload.wikimedia.org/wikipedia/commons/5/5c/Snack_Dessert.jpg,refreshed,,,,not_checked,manual_real_food_curation_not_live_checked
FD0176,kacang tanah goreng,https://cdn.rasa.my/2018/10/Untitled-design33.png,ok,,,,not_checked,manual_real_food_curation_not_live_checked
FD0177,kacang tanah rebus,https://img-global.cpcdn.com/recipes/ff019c14f757cfbf/1200x630cq70/photo.jpg,ok,,,,not_checked,manual_real_food_curation_not_live_checked
FD0178,kacang tanah rempeyek,https://img.okezone.com/content/2020/06/15/298/2230610/resep-peyek-kacang-tanah-dan-udang-rebon-renyah-bikin-terus-ngunyah-3j0ZqjZUGs.jpg,ok,,,,not_checked,manual_real_food_curation_not_live_checked
FD0179,kacang tolo rebus,https://img-global.cpcdn.com/recipes/e486ea31cffe0892/680x482cq70/kacang-tolo-kacang-tunggak-rebus-5307-foto-resep-utama.jpg,ok,,,,not_checked,manual_real_food_curation_not_live_checked
FD0180,kacang tunggak rebus,https://cf.shopee.co.id/file/68892d4ed119d6c119cabdbe11503188,ok,,,,not_checked,manual_real_food_curation_not_live_checked
FD0181,kacang tunggak rempeyek,https://img-global.cpcdn.com/recipes/dc9828ce49f235aa/680x482cq70/peyek-kacang-tunggaktemas-foto-resep-utama.jpg,ok,,,,not_checked,manual_real_food_curation_not_live_checked
FD0182,kalio jeroan sapi,https://img-global.cpcdn.com/recipes/2031e463b74f84a0/1200x630cq70/photo.jpg,ok,,,,not_checked,manual_real_food_curation_not_live_checked
FD0183,kalio kikil sapi,https://asset.kompas.com/crops/mqYtGN3S_jZncBl0Ug8aj0WNS0E=/0x0:1000x667/750x500/data/photo/2021/03/01/603c964830992.jpg,ok,,,,not_checked,manual_real_food_curation_not_live_checked
FD0184,kalio otak sapi,https://asset-a.grid.id/crop/0x0:0x0/700x465/photo/sasefoto/original/32036_kalio-otak.JPG,ok,,,,not_checked,manual_real_food_curation_not_live_checked
FD0185,kalio telur,https://img-global.cpcdn.com/recipes/642209af1316da73/680x482cq70/kalio-telur-foto-resep-utama.jpg,ok,,,,not_checked,manual_real_food_curation_not_live_checked
FD0186,kangkung kukus,https://cdn1-production-images-kly.akamaized.net/A3CuOjVcvmP6noevlbrt75x6srk=/1200x1200/smart/filters:quality(75):strip_icc():format(webp)/kly-media-production/medias/3446098/original/094275500_1619997238-stir-fried-vegetables-2245082_1280.jpg,ok,,,,not_checked,manual_real_food_curation_not_live_checked
FD0187,kangkung rebus,https://cdn0-production-images-kly.akamaized.net/-w7C3Sli-qWhlPa4hmzbg324XkA=/190x0:855x665/1200x1200/filters:quality(75):strip_icc():format(webp)/kly-media-production/medias/4353847/original/077195900_1678438446-shutterstock_1262667451.jpg,ok,,,,not_checked,manual_real_food_curation_not_live_checked
FD0188,kangkung tumis,https://scm-assets.constant.co/scm/unilever/e9dc924f238fa6cc29465942875fe8f0/17ea3056-4e78-4d25-bd54-cf3a9296188b.jpg,ok,,,,not_checked,manual_real_food_curation_not_live_checked
FD0189,karedok,https://asset.kompas.com/crops/szsUOraQ00vakiV0314KT6-71v8=/0x0:1000x667/750x500/data/photo/2021/07/07/60e56c9f60649.jpg,ok,,,,not_checked,manual_real_food_curation_not_live_checked
FD0190,karedok sayur,https://asset.kompas.com/crops/jbNcoL1_PmijICoxtO4126XbZgM=/0x0:1000x667/780x390/data/photo/2021/07/07/60e56c9f60649.jpg,ok,,,,not_checked,manual_real_food_curation_not_live_checked
FD0191,kecimpring singkong goreng,https://www.eresep.com/media/images/resep/2020/11/18/u9be0rva491sknkbkqfhhuifa1kecip.jpg.1000x650_q85.jpg,ok,,,,not_checked,manual_real_food_curation_not_live_checked
FD0192,kedondong segar,https://images.tokopedia.net/img/cache/500-square/VqbcmM/2021/12/4/5329d842-9637-48e3-9d33-eb653a5d9f88.jpg,ok,,,,not_checked,manual_real_food_curation_not_live_checked
FD0193,keju cheddar,https://cdns.klimg.com/merdeka.com/i/w/news/2020/05/08/1175035/content_images/670x335/20200508114326-1-ilustrasi-keju-008-destriyana.jpg,ok,,,,not_checked,manual_real_food_curation_not_live_checked
FD0194,kentang,https://img.freepik.com/free-photo/side-view-basket-bowl-full-potato-sackcloth-wooden-surface-background-with-copy-space_141793-5650.jpg?w=1060&t=st=1684232790~exp=1684233390~hmac=d4c5a62367069d98e3ddf3935be7b63e3f650cd00d6f80da197e948280b1e1b3,ok,,,,not_checked,manual_real_food_curation_not_live_checked
FD0195,kentang hitam,https://upload.wikimedia.org/wikipedia/commons/7/79/Fried_vegetables_%28Hamsa_-_Kuwaiti_food_%29.JPG,refreshed,,,,not_checked,manual_real_food_curation_not_live_checked
FD0196,keripik bayam,https://asset.kompas.com/crops/jYESdylVwVMIxcGzRhIFfZhPjnI=/0x28:1000x694/750x500/data/photo/2021/06/12/60c3ff4b72ad0.jpeg,ok,,,,not_checked,manual_real_food_curation_not_live_checked
FD0197,keripik kentang,https://asset.kompas.com/crops/TaJKfxhk6isVM1cCWS03MJ-LeZw=/32x12:1000x657/780x390/data/photo/2022/05/25/628d7e2eb24a9.jpg,ok,,,,not_checked,manual_real_food_curation_not_live_checked
FD0198,keripik pisang lampung,https://img-global.cpcdn.com/recipes/42103518f5a03444/680x482cq70/keripik-pisang-coklat-khas-lampung-foto-resep-utama.jpg,ok,,,,not_checked,manual_real_food_curation_not_live_checked
FD0199,keripik oncom,https://images.tokopedia.net/img/cache/700/product-1/2020/8/16/58377017/58377017_c917b0cd-8da8-412b-834f-792308dd5144_538_538,ok,,,,not_checked,manual_real_food_curation_not_live_checked
FD0200,keripik singkong,https://www.astronauts.id/blog/wp-content/uploads/2022/09/Olahan-Keripik-Khas-Indonesia-yang-Bikin-Kamu-Ketagihan-1024x683.jpg,ok,,,,not_checked,manual_real_food_curation_not_live_checked
FD0201,keripik singkong berbumbu,https://www.primarasa.co.id/images/images/Keripik%20Singkong%20Balado%20-%20resep.jpg,ok,,,,not_checked,manual_real_food_curation_not_live_checked
FD0202,keripik tempe,https://assets.pikiran-rakyat.com/crop/0x0:0x0/750x500/photo/2022/07/19/1076813219.png,ok,,,,not_checked,manual_real_food_curation_not_live_checked
FD0203,keripik ubi,https://upload.wikimedia.org/wikipedia/commons/5/5c/Snack_Dessert.jpg,refreshed,,,,not_checked,manual_real_food_curation_not_live_checked
FD0204,kerupuk aci,https://upload.wikimedia.org/wikipedia/commons/5/5c/Snack_Dessert.jpg,refreshed,,,,not_checked,manual_real_food_curation_not_live_checked
FD0205,kerupuk cumi goreng,https://pesonanusantara.co.id/images/upload//p/e/pes-kerupuk-cumi-mgl.jpg,ok,,,,not_checked,manual_real_food_curation_not_live_checked
FD0206,kerupuk ikan berpati,https://cdns.klimg.com/merdeka.com/i/w/news/2022/01/30/1402857/content_images/670x335/20220130223844-1-kerupuk-ikan-patin-001-fellyanda-suci-agiesta.jpg,ok,,,,not_checked,manual_real_food_curation_not_live_checked
FD0207,kemplang goreng,https://asset.kompas.com/crops/Qu-uGRiw6A4NINs_6VhIZBrvp1I=/0x386:667x831/750x500/data/photo/2021/05/12/609b4a1d9af08.jpg,ok,,,,not_checked,manual_real_food_curation_not_live_checked
FD0208,kemplang panggang,https://cdns.klimg.com/merdeka.com/i/w/news/2020/11/20/1244821/content_images/670x335/20201120144433-1-ilustrasi-kemplang-001-tantri-setyorini.jpg,ok,,,,not_checked,manual_real_food_curation_not_live_checked
FD0209,kerupuk kulit kerbau,https://halalmui.org/wp-content/uploads/2022/09/2022-09-01-Kerupuk-Kulit-Kenali-Bahaya-dan-Potensi-Haramnya.jpg,ok,,,,not_checked,manual_real_food_curation_not_live_checked
FD0210,emping melinjo goreng asin,https://upload.wikimedia.org/wikipedia/commons/5/5c/Snack_Dessert.jpg,refreshed,,,,not_checked,manual_real_food_curation_not_live_checked
FD0211,emping melinjo goreng manis,https://upload.wikimedia.org/wikipedia/commons/5/5c/Snack_Dessert.jpg,refreshed,,,,not_checked,manual_real_food_curation_not_live_checked
FD0212,emping melinjo tipis goreng,https://upload.wikimedia.org/wikipedia/commons/5/5c/Snack_Dessert.jpg,refreshed,,,,not_checked,manual_real_food_curation_not_live_checked
FD0213,kerupuk mie kuning goreng,https://id-test-11.slatic.net/p/b79efc608cc0f1f4b19fe026565838ae.jpg,ok,,,,not_checked,manual_real_food_curation_not_live_checked
FD0214,kerupuk sayong,https://filebroker-cdn.lazada.co.id/kf/S92719a0bfec8443981796f166617e6eav.jpg,ok,,,,not_checked,manual_real_food_curation_not_live_checked
FD0215,kerupuk udang,https://cdn0-production-images-kly.akamaized.net/ihQHCeKhKldhY8YlTDkiu0ObeqE=/261x0:928x667/1200x900/filters:quality(75):strip_icc():format(webp)/kly-media-production/medias/3265798/original/012419700_1602564070-shutterstock_1736290877.jpg,ok,,,,not_checked,manual_real_food_curation_not_live_checked
FD0216,kerupuk udang goreng,https://asset.kompas.com/crops/Vol7WU4iu3WSWKNB3nhw8RFCJdE=/0x9:1000x675/750x500/data/photo/2021/07/27/60ff6fb81ffaf.jpg,ok,,,,not_checked,manual_real_food_curation_not_live_checked
FD0217,kerupuk urat,https://images.tokopedia.net/img/cache/700/VqbcmM/2021/6/3/15bac8fd-dff8-49eb-9561-81a087a02638.jpg,ok,,,,not_checked,manual_real_food_curation_not_live_checked
FD0218,ketan hitam matang,https://asset.kompas.com/crops/agGJ3o2lK5eMmT-VkGdijGLjgpQ=/0x0:1000x667/750x500/data/photo/2020/10/26/5f965ccbd7c1a.jpg,ok,,,,not_checked,manual_real_food_curation_not_live_checked
FD0219,ketan putih matang,https://asset-a.grid.id/crop/0x0:0x0/700x465/photo/2018/10/13/211488655.jpg,ok,,,,not_checked,manual_real_food_curation_not_live_checked
FD0220,ketela pohonsingkong kukus,https://blog.tokowahab.com/wp-content/uploads/2018/08/resep-agar-agar-singkong.jpg,ok,,,,not_checked,manual_real_food_curation_not_live_checked
FD0221,ketimun,https://www.garnesia.com/images/news/b542.jpg,ok,,,,not_checked,manual_real_food_curation_not_live_checked
FD0222,ketupat ketan,https://awsimages.detik.net.id/community/media/visual/2022/05/01/ketupat-ketan-khas-sumatra-2.jpeg?w=1200,ok,,,,not_checked,manual_real_food_curation_not_live_checked
FD0223,kerupuk koro,https://cf.shopee.co.id/file/id-11134103-22100-uucup9m29iiv8c,ok,,,,not_checked,manual_real_food_curation_not_live_checked
FD0224,koro wedus buah muda,https://ahsanfile.files.wordpress.com/2013/08/20121226_084508.jpg,ok,,,,not_checked,manual_real_food_curation_not_live_checked
FD0225,kripik tempe goreng,https://asset.kompas.com/crops/NvawKpjCGV6FrehArD0C-OBjYSI=/3x0:700x465/750x500/data/photo/2020/12/01/5fc629934653a.jpg,ok,,,,not_checked,manual_real_food_curation_not_live_checked
FD0226,kue ali,https://awsimages.detik.net.id/community/media/visual/2022/06/21/resep-kue-cincin_43.jpeg?w=1200,ok,,,,not_checked,manual_real_food_curation_not_live_checked
FD0227,kue apem,https://cdn0-production-images-kly.akamaized.net/1vXhapwViv08dtFYbhhKKEfqiJ0=/0x542:4608x3139/1200x675/filters:quality(75):strip_icc():format(webp)/kly-media-production/medias/3479555/original/004272600_1623394884-shutterstock_1952418853.jpg,ok,,,,not_checked,manual_real_food_curation_not_live_checked
FD0228,kue bangket,https://asset.kompas.com/crops/1zdz3_jE_GfEVcRZKtgL2GokVrA=/0x0:1000x667/750x500/data/photo/2023/02/24/63f805fb8890f.jpeg,ok,,,,not_checked,manual_real_food_curation_not_live_checked
FD0229,kue bugis,https://asset.kompas.com/crops/hHVyMg5BiDHITqTbKdbpz1Un4_c=/0x0:1000x667/750x500/data/photo/2022/06/21/62b109f77f78c.jpeg,ok,,,,not_checked,manual_real_food_curation_not_live_checked
FD0230,kue kelapa,https://upload.wikimedia.org/wikipedia/commons/5/5c/Snack_Dessert.jpg,refreshed,,,,not_checked,manual_real_food_curation_not_live_checked
FD0231,kue koya,https://media.karousell.com/media/photos/products/2018/08/23/koya_kacang_suuk_asli_bandung_1535029115_863b9a71_progressive.jpg,ok,,,,not_checked,manual_real_food_curation_not_live_checked
FD0232,kue lumpur,https://upload.wikimedia.org/wikipedia/commons/5/5c/Snack_Dessert.jpg,refreshed,,,,not_checked,manual_real_food_curation_not_live_checked
FD0233,kue mangkok,https://asset.kompas.com/crops/EUNcgQqWtMLzjyycRK-jWqJPg5Q=/3x0:700x465/750x500/data/photo/2021/01/13/5ffe348f5e49a.jpg,ok,,,,not_checked,manual_real_food_curation_not_live_checked
FD0234,kue pacar cina,https://asset.kompas.com/crops/jkimxsmqIcyNJ_UjeHGJML9sT_4=/0x0:698x465/750x500/data/photo/2021/02/20/603069ab80f59.jpg,ok,,,,not_checked,manual_real_food_curation_not_live_checked
FD0235,kue pia,https://upload.wikimedia.org/wikipedia/commons/5/5c/Snack_Dessert.jpg,refreshed,,,,not_checked,manual_real_food_curation_not_live_checked
FD0236,kue putu cangkir,https://i.ytimg.com/vi/GH8hVDZ3AZA/maxresdefault.jpg,ok,,,,not_checked,manual_real_food_curation_not_live_checked
FD0237,kue putu singkong,https://asset.kompas.com/crops/4HYsevQAK_PJOcsTRt4Tl0vo4YI=/0x0:1000x667/750x500/data/photo/2021/06/10/60c19ee3dbc24.jpg,ok,,,,not_checked,manual_real_food_curation_not_live_checked
FD0238,kue satu,https://upload.wikimedia.org/wikipedia/commons/5/5c/Snack_Dessert.jpg,refreshed,,,,not_checked,manual_real_food_curation_not_live_checked
FD0239,kue semprong,https://asset.kompas.com/crops/jT3TeOZw6jjDRXgh1-P9Yrz0enI=/0x0:1000x667/750x500/data/photo/2022/01/21/61ea314112848.jpg,ok,,,,not_checked,manual_real_food_curation_not_live_checked
FD0240,kue sus,https://upload.wikimedia.org/wikipedia/commons/4/44/Jajan_Pasar_in_Jakarta_edit.JPG,ok,,,,not_checked,manual_real_food_curation_not_live_checked
FD0241,kue talam,"https://cdn.yummy.co.id/content-images/images/20220319/ZDxMHnPOfZAq6tXHCLa9WsgeVwHh5Wb2-31363437363439303336d41d8cd98f00b204e9800998ecf8427e.jpg?x-oss-process=image/format,webp",ok,,,,not_checked,manual_real_food_curation_not_live_checked
FD0242,kue tambang,https://asset.kompas.com/crops/x2yGurVUxpP-COxvvOjVx2P7lL0=/100x67:900x600/750x500/data/photo/2022/04/14/62578f6fbc8b8.jpg,ok,,,,not_checked,manual_real_food_curation_not_live_checked
FD0243,kue thipan,https://asset.kompas.com/crops/fXb2bs6UVUJNODIGbh7aFfAzUE4=/41x33:950x639/750x500/data/photo/2021/03/05/6041b846aa175.jpg,ok,,,,not_checked,manual_real_food_curation_not_live_checked
FD0244,laksa ayam,https://asset.kompas.com/crops/cmvexYXhxB1oyebUTtLncpQTxNE=/256x116:1280x798/750x500/data/photo/2022/10/11/63455e3290f0e.jpg,ok,,,,not_checked,manual_real_food_curation_not_live_checked
FD0245,lanting getuk,https://cf.shopee.co.id/file/261d5dd52028e4a8ebf57f5957bde6b4,ok,,,,not_checked,manual_real_food_curation_not_live_checked
FD0246,lawar babi masakan,https://cdn.idntimes.com/content-images/post/20211019/203152501-4176779059011518-795637125163020240-n-c5aa3d72f7ca0ec57070d7c1a60cf2b2_600x400.jpg,ok,,,,not_checked,manual_real_food_curation_not_live_checked
FD0247,lawar ayam,https://img-global.cpcdn.com/recipes/2bad2876953a328b/680x482cq70/lawara-jangang-foto-resep-utama.jpg,ok,,,,not_checked,manual_real_food_curation_not_live_checked
FD0248,lawar ikan,https://nilaigizi.com/assets/images/produk/produk_1535786169.jpg,ok,,,,not_checked,manual_real_food_curation_not_live_checked
FD0249,ledre pisang,https://cdn.idntimes.com/content-images/community/2022/03/127926829-138078701098384-3632478979177553762-n-1fd6c04577e614a24488a2b0565fd065-d95921c5a20494e557ab339600558193.jpg,ok,,,,not_checked,manual_real_food_curation_not_live_checked
FD0250,leupeut ketan,https://sweetrip.id/wp-content/uploads/2021/05/171584083_119493940234318_4941248120678130162_n.jpg,ok,,,,not_checked,manual_real_food_curation_not_live_checked
FD0251,lupis ketan,https://asset.kompas.com/crops/TRFlnZa303pT0iwa7gkId4MCWSA=/0x54:1000x720/750x500/data/photo/2020/06/24/5ef30e98cb1e8.jpg,ok,,,,not_checked,manual_real_food_curation_not_live_checked
FD0252,makaroni rebus,https://img.freepik.com/free-photo/horizontal-view-butterfly-uncooked-pastas-brown-bowl-mixed-color-table-high-resolution-photo_140725-86866.jpg?w=1060&t=st=1684233335~exp=1684233935~hmac=5e53a5f2f8d8db6b49b05831a1ffda6004b9b1fc696423217781874c3ef92e9c,ok,,,,not_checked,manual_real_food_curation_not_live_checked
FD0253,mangga benggala segar,https://upload.wikimedia.org/wikipedia/commons/c/c9/Avocado_Hass_-_single_and_halved.jpg,refreshed,,,,not_checked,manual_real_food_curation_not_live_checked
FD0254,mangga gedong,https://www.rumahtanaman.com/wp-content/uploads/2014/05/GG.jpg,ok,,,,not_checked,manual_real_food_curation_not_live_checked
FD0255,mangga golek,https://images.tokopedia.net/img/cache/500-square/VqbcmM/2021/12/9/98f71686-5832-459e-9732-11f0cc62ac2c.jpg,ok,,,,not_checked,manual_real_food_curation_not_live_checked
FD0256,mangga harum manis,https://upload.wikimedia.org/wikipedia/commons/c/c9/Avocado_Hass_-_single_and_halved.jpg,refreshed,,,,not_checked,manual_real_food_curation_not_live_checked
FD0257,mangga indramayu,https://asset.kompas.com/crops/oO0XncIXQSUeIA_Uc4k1_y9V5gM=/0x44:1000x711/750x500/data/photo/2022/06/18/62ad5b3acadca.jpg,ok,,,,not_checked,manual_real_food_curation_not_live_checked
FD0258,mangga kopek,https://images.tokopedia.net/img/cache/500-square/VqbcmM/2021/8/25/8e436ae5-3754-4c1b-a211-f2c8b50b86f1.jpg,ok,,,,not_checked,manual_real_food_curation_not_live_checked
FD0259,mangga kwini segar,https://images.tokopedia.net/img/cache/500-square/VqbcmM/2020/11/22/5c712852-cd55-4c17-9515-f47bdfb1bf7f.jpg,ok,,,,not_checked,manual_real_food_curation_not_live_checked
FD0260,mangga manalagi segar,https://images.tokopedia.net/img/cache/700/VqbcmM/2021/11/12/71d9b8e5-1a32-465e-bcc6-0be9e8113e4a.jpg,ok,,,,not_checked,manual_real_food_curation_not_live_checked
FD0261,mangga muda,https://img-cdn.medkomtek.com/5gj7IKgzhEym6vd4Wf0Bvzqak4I=/0x0/smart/filters:quality(75):strip_icc():format(webp)/article/BT9WysgDcGiXjX7j0PkI5/original/031876800_1606991796-shutterstock_306861815.jpg,ok,,,,not_checked,manual_real_food_curation_not_live_checked
FD0262,mangga segar,https://upload.wikimedia.org/wikipedia/commons/c/c9/Avocado_Hass_-_single_and_halved.jpg,refreshed,,,,not_checked,manual_real_food_curation_not_live_checked
FD0263,manggis,https://res.cloudinary.com/dk0z4ums3/image/upload/v1645702972/attached_image/manfaat-buah-manggis-untuk-kesehatan-yang-sayang-dilewatkan.jpg,ok,,,,not_checked,manual_real_food_curation_not_live_checked
FD0264,markisa segar,https://sc04.alicdn.com/kf/U9a58688525d24e25a10c656a5b19874cy.jpg,ok,,,,not_checked,manual_real_food_curation_not_live_checked
FD0265,markisa squash,https://asset-a.grid.id/crop/0x0:0x0/x/photo/2021/02/16/resep-squash-markisa-mint-minum-20210216051340.jpg,ok,,,,not_checked,manual_real_food_curation_not_live_checked
FD0266,martabak manis,https://tasteofnusa.com/wp-content/uploads/2022/03/martabak-manis-12-720x720.jpg,ok,,,,not_checked,manual_real_food_curation_not_live_checked
FD0267,martabak india,https://i0.wp.com/resepkoki.id/wp-content/uploads/2022/08/Resep-Martabak-Kari.jpg?fit=996%2C1328&ssl=1,ok,,,,not_checked,manual_real_food_curation_not_live_checked
FD0268,martabak mesir,https://upload.wikimedia.org/wikipedia/commons/5/5c/Snack_Dessert.jpg,refreshed,,,,not_checked,manual_real_food_curation_not_live_checked
FD0269,martabak telur,https://upload.wikimedia.org/wikipedia/commons/5/5c/Snack_Dessert.jpg,refreshed,,,,not_checked,manual_real_food_curation_not_live_checked
FD0270,melon segar,https://asset.kompas.com/crops/6GJGDA9CwVlnWtfhcImRgwyoj3Y=/0x0:1811x1207/750x500/data/photo/2022/09/22/632c0d9940fcd.jpg,ok,,,,not_checked,manual_real_food_curation_not_live_checked
FD0271,mie aceh rebus,https://resepkoki.id/wp-content/uploads/2021/03/Resep-Mie-Aceh.jpg,ok,,,,not_checked,manual_real_food_curation_not_live_checked
FD0272,mie ayam,https://awsimages.detik.net.id/community/media/visual/2022/10/12/resep-mie-ayam-kecap_43.jpeg?w=1200,ok,,,,not_checked,manual_real_food_curation_not_live_checked
FD0273,mie bakso,https://upload.wikimedia.org/wikipedia/commons/e/ed/MIE_KERING_MAKASSAR.jpg,refreshed,,,,not_checked,manual_real_food_curation_not_live_checked
FD0274,mie goreng,https://upload.wikimedia.org/wikipedia/commons/e/ed/MIE_KERING_MAKASSAR.jpg,refreshed,,,,not_checked,manual_real_food_curation_not_live_checked
FD0275,mie pangsit basah,https://sweetrip.id/wp-content/uploads/2020/08/bakmisibos_116436440_1141684466204653_5039711773118966116_n.jpg,ok,,,,not_checked,manual_real_food_curation_not_live_checked
FD0276,mie sagu,https://upload.wikimedia.org/wikipedia/commons/e/ed/MIE_KERING_MAKASSAR.jpg,refreshed,,,,not_checked,manual_real_food_curation_not_live_checked
FD0277,mujair acar kuning,https://img-global.cpcdn.com/recipes/8bebe8ed6c7b4f07/680x482cq70/ikan-mujair-acar-kuning-foto-resep-utama.jpg,ok,,,,not_checked,manual_real_food_curation_not_live_checked
FD0278,nanas,https://awsimages.detik.net.id/community/media/visual/2022/07/04/diet-nanas-bikin-bb-turun-1-kg-seminggu-apa-aman-untuk-kesehatan-3.jpeg?w=682,ok,,,,not_checked,manual_real_food_curation_not_live_checked
FD0279,nanas palembang segar,https://images.tokopedia.net/img/cache/500-square/VqbcmM/2021/8/7/9df0b092-1dcd-422f-9551-cd3f8edd56c5.jpg,ok,,,,not_checked,manual_real_food_curation_not_live_checked
FD0280,nangka muda,https://sahabatdapur.com/wp-content/uploads/2015/08/nangka-muda-foto-istimewa.jpg,ok,,,,not_checked,manual_real_food_curation_not_live_checked
FD0281,nasi,https://asset.kompas.com/crops/V8z5REsWvqpu4CxKPWl_Ukg7CNI=/151x100:1349x898/780x390/data/photo/2022/01/08/61d9973b79cbd.jpg,ok,,,,not_checked,manual_real_food_curation_not_live_checked
FD0282,nasi beras merah,https://upload.wikimedia.org/wikipedia/commons/8/84/Cooked_Rice_2.jpg,refreshed,,,,not_checked,manual_real_food_curation_not_live_checked
FD0283,nasi gemuk,https://upload.wikimedia.org/wikipedia/commons/8/84/Cooked_Rice_2.jpg,refreshed,,,,not_checked,manual_real_food_curation_not_live_checked
FD0284,nasi goreng,https://asset.kompas.com/crops/2RnTJZK6E9ABjS_1qmItNjI1hls=/0x0:5760x3840/750x500/data/photo/2023/02/14/63eb12fb840da.jpg,ok,,,,not_checked,manual_real_food_curation_not_live_checked
FD0285,nasi gurih,https://www.frisianflag.com/storage/app/media/uploaded-files/nasi-uduk-betawi.jpg,ok,,,,not_checked,manual_real_food_curation_not_live_checked
FD0286,nasi jagung,https://upload.wikimedia.org/wikipedia/commons/8/84/Cooked_Rice_2.jpg,refreshed,,,,not_checked,manual_real_food_curation_not_live_checked
FD0287,nasi rames,https://upload.wikimedia.org/wikipedia/commons/8/84/Cooked_Rice_2.jpg,refreshed,,,,not_checked,manual_real_food_curation_not_live_checked
FD0288,nasi tim,https://upload.wikimedia.org/wikipedia/commons/8/84/Cooked_Rice_2.jpg,refreshed,,,,not_checked,manual_real_food_curation_not_live_checked
FD0289,nasi uduk,https://upload.wikimedia.org/wikipedia/commons/8/84/Cooked_Rice_2.jpg,refreshed,,,,not_checked,manual_real_food_curation_not_live_checked
FD0290,keripik tempe abadi murni,https://upload.wikimedia.org/wikipedia/commons/5/5c/Snack_Dessert.jpg,refreshed,429,text/html; charset=utf-8,,blocked_or_error,http_error_429
FD0291,nopia,https://images.tokopedia.net/img/cache/700/VqbcmM/2022/11/16/4db2f8bc-bb3d-4e95-a679-b13c5b5c0faf.jpg,ok,,,,not_checked,manual_real_food_curation_not_live_checked
FD0292,oncom goreng,https://upload.wikimedia.org/wikipedia/commons/7/79/Fried_vegetables_%28Hamsa_-_Kuwaiti_food_%29.JPG,refreshed,,,,not_checked,manual_real_food_curation_not_live_checked
FD0293,oncom hitam goreng,https://images.tokopedia.net/img/cache/700/product-1/2019/10/10/79282965/79282965_4a911ce8-9d69-4db9-98c3-9efe78d49d24_724_724,ok,,,,not_checked,manual_real_food_curation_not_live_checked
FD0294,oncom hitam goreng bertepung,https://upload.wikimedia.org/wikipedia/commons/7/79/Fried_vegetables_%28Hamsa_-_Kuwaiti_food_%29.JPG,refreshed,,,,not_checked,manual_real_food_curation_not_live_checked
FD0295,oncom kacang tanah pepes,https://upload.wikimedia.org/wikipedia/commons/7/79/Fried_vegetables_%28Hamsa_-_Kuwaiti_food_%29.JPG,refreshed,,,,not_checked,manual_real_food_curation_not_live_checked
FD0296,oncom merah goreng,https://asset.kompas.com/crops/h4_WZ8GncmYCpLRv-hrfwyr0_AQ=/0x0:1000x667/750x500/data/photo/2020/08/04/5f295a4cc469c.jpg,ok,,,,not_checked,manual_real_food_curation_not_live_checked
FD0297,oncom merah goreng bertepung,https://upload.wikimedia.org/wikipedia/commons/7/79/Fried_vegetables_%28Hamsa_-_Kuwaiti_food_%29.JPG,refreshed,,,,not_checked,manual_real_food_curation_not_live_checked
FD0298,oncom merah sayur tumis,https://cdn.idntimes.com/content-images/community/2022/02/img-20220215-221041-46e2f5aecb68d33317c733fcbbadfb19-3b67f78530f06dc0bb76ba7e4c795a5a_600x400.jpg,ok,,,,not_checked,manual_real_food_curation_not_live_checked
FD0299,oncom pepes,https://asset-a.grid.id/crop/0x0:0x0/700x465/photo/sasefoto/original/33239_pepes-oncom-teri.jpg,ok,,,,not_checked,manual_real_food_curation_not_live_checked
FD0300,pempek adaan,https://asset.kompas.com/crops/ZCo2_DcJAXGslXbYIM3Zv4nCzsA=/0x41:1000x708/750x500/data/photo/2021/03/01/603c1e79dd9d3.jpg,ok,,,,not_checked,manual_real_food_curation_not_live_checked
FD0301,pempek belida,https://storage.hpaindonesia.net:8215/assets/71fe72e0c41bc168b875616e063f59fe/a5ef8b002a65c712f64b2d7df37c80c5.jpg,ok,,,,not_checked,manual_real_food_curation_not_live_checked
FD0302,pempek kapal selam,https://blog.duniamasak.com/wp-content/uploads/image2-1024x1024.jpeg,ok,,,,not_checked,manual_real_food_curation_not_live_checked
FD0303,pempek kelesan,https://upload.wikimedia.org/wikipedia/commons/5/5c/Snack_Dessert.jpg,refreshed,,,,not_checked,manual_real_food_curation_not_live_checked
FD0304,pempek kulit,https://upload.wikimedia.org/wikipedia/commons/5/5c/Snack_Dessert.jpg,refreshed,,,,not_checked,manual_real_food_curation_not_live_checked
FD0305,pempek tenggiri,https://s0.bukalapak.com/uploads/content_attachment/fd3107d582c4f80e5448ada5/original/foto_utama_pempek_2.jpg,ok,,,,not_checked,manual_real_food_curation_not_live_checked
FD0306,pencok lele,https://img-global.cpcdn.com/recipes/385569312441e99f/680x482cq70/pencok-lele-foto-resep-utama.jpg,ok,,,,not_checked,manual_real_food_curation_not_live_checked
FD0307,pepaya lodeh,https://img-global.cpcdn.com/recipes/5355bb65be878c54/680x482cq70/lodeh-pepaya-muda-foto-resep-utama.jpg,ok,,,,not_checked,manual_real_food_curation_not_live_checked
FD0308,pepaya muda,https://upload.wikimedia.org/wikipedia/commons/6/69/Food_Sundanese_Restaurant%2C_Jakarta.jpg,refreshed,,,,not_checked,manual_real_food_curation_not_live_checked
FD0309,pepaya segar,https://melayupedia.com/foto_berita/2021/10/2021-10-29-suka-buah-pepaya-yuk-olah-jadi-minuman-yang-segar.jpeg,ok,,,,not_checked,manual_real_food_curation_not_live_checked
FD0310,permen,https://cdn1-production-images-kly.akamaized.net/7v14RDPh4Yi0jn8yPsIj4cl2YyQ=/1200x900/smart/filters:quality(75):strip_icc():format(jpeg)/kly-media-production/medias/2054451/original/070398300_1522833158-iStock-153502589.jpg,ok,,,,not_checked,manual_real_food_curation_not_live_checked
FD0311,petis udang pasta,https://cf.shopee.co.id/file/88086a73cd823de9d5e502b27e8ce7f5,ok,,,,not_checked,manual_real_food_curation_not_live_checked
FD0312,pindang ikan banjar,https://img-global.cpcdn.com/recipes/14d53b21dadc8a0a/680x482cq70/pindang-patin-urang-banjar-ala-ulun-foto-resep-utama.jpg,ok,,,,not_checked,manual_real_food_curation_not_live_checked
FD0313,pindang ikan benggol,https://img-global.cpcdn.com/recipes/c8d60c4a0a1eeb05/680x482cq70/pindang-benggol-bumbu-kecap-mantuuul-foto-resep-utama.jpg,ok,,,,not_checked,manual_real_food_curation_not_live_checked
FD0314,pindang ikan layang,https://img-global.cpcdn.com/recipes/d32672cdc5392959/400x400cq70/photo.jpg,ok,,,,not_checked,manual_real_food_curation_not_live_checked
FD0315,pindang ikan selar kecil,https://img-global.cpcdn.com/recipes/e291e5bf58d67808/680x482cq70/pindang-ikan-selar-foto-resep-utama.jpg,ok,,,,not_checked,manual_real_food_curation_not_live_checked
FD0316,pisang ambon,https://upload.wikimedia.org/wikipedia/commons/6/69/Food_Sundanese_Restaurant%2C_Jakarta.jpg,refreshed,,,,not_checked,manual_real_food_curation_not_live_checked
FD0317,pisang goreng,https://awsimages.detik.net.id/community/media/visual/2022/06/28/resep-pisang-goreng-keriting_43.jpeg?w=1200,ok,,,,not_checked,manual_real_food_curation_not_live_checked
FD0318,pisang hijau segar,https://riaureview.com/assets/berita/original/84297374449-pisang_hiaju.jpg,ok,,,,not_checked,manual_real_food_curation_not_live_checked
FD0319,pisang kepok segar,https://img.okezone.com/content/2013/09/10/299/863930/lWNmq1egxS.jpg,ok,,,,not_checked,manual_real_food_curation_not_live_checked
FD0320,pisang lampung,https://upload.wikimedia.org/wikipedia/commons/6/69/Food_Sundanese_Restaurant%2C_Jakarta.jpg,refreshed,,,,not_checked,manual_real_food_curation_not_live_checked
FD0321,pisang mas,https://rumahbuah.com/wp-content/uploads/2015/03/Rumbu_-Pisang02.jpg,ok,,,,not_checked,manual_real_food_curation_not_live_checked
FD0322,pisang mas bali,https://siplahtelkom.com/public/products/124427/3079678/images-48-.1637576152.jpeg,ok,,,,not_checked,manual_real_food_curation_not_live_checked
FD0323,pisang oli,https://i0.wp.com/udfauzi.com/wp-content/uploads/2020/06/Pisang-Uli-Adalah.jpg?resize=700%2C525&ssl=1,ok,,,,not_checked,manual_real_food_curation_not_live_checked
FD0324,pisang raja,https://asset.kompas.com/crops/cmVXFlilJIrGxAFHn0-5Fu3b43M=/0x141:1000x807/750x500/data/photo/2022/07/21/62d9015c28bcd.jpg,ok,,,,not_checked,manual_real_food_curation_not_live_checked
FD0325,pisang raja sere susu,https://images.tokopedia.net/img/cache/500-square/VqbcmM/2021/7/29/954a86e6-5179-4814-8d3e-de1c75f9b198.jpg,ok,,,,not_checked,manual_real_food_curation_not_live_checked
FD0326,pisang siam goreng,https://asset-a.grid.id/crop/0x0:0x0/700x465/photo/2022/12/05/pisang-gorengjpg-20221205080417.jpg,ok,,,,not_checked,manual_real_food_curation_not_live_checked
FD0327,pundut nasi,https://img-global.cpcdn.com/recipes/bd0db074266f1019/1200x630cq70/photo.jpg,ok,,,,not_checked,manual_real_food_curation_not_live_checked
FD0328,putu mayang,https://awsimages.detik.net.id/community/media/visual/2022/05/12/resep-putu-mayang-betawi_43.jpeg?w=1200,ok,,,,not_checked,manual_real_food_curation_not_live_checked
FD0329,rambutan,https://www.homegrown.in/upload/product/big1193470275.jpg,ok,,,,not_checked,manual_real_food_curation_not_live_checked
FD0330,rambutan aceh,https://lzd-img-global.slatic.net/3rd/q/aHR0cHM6Ly9lY3M3LnRva29wZWRpYS5uZXQvaW1nL2NhY2hlLzcwMC9wcm9kdWN0LTEvMjAxOS84LzE0LzQ2NjQ4NDAvNDY2NDg0MF9lZDU0NThmOS02ODU2LTRkMjAtYWQzMC00ZWJjMjBkODMzZWIuanBn_720x720q80.png_.webp,ok,,,,not_checked,manual_real_food_curation_not_live_checked
FD0331,rambutan binjai segar,https://images.tokopedia.net/img/cache/700/product-1/2019/11/17/80554416/80554416_20e30e21-1b24-4335-bca5-4a1383855b2c_624_465.jpg,ok,,,,not_checked,manual_real_food_curation_not_live_checked
FD0332,rambutan sinyonya,https://cf.shopee.co.id/file/9dc60c5410cf225b15e15b260ebb9fdc,ok,,,,not_checked,manual_real_food_curation_not_live_checked
FD0333,rawon daging sapi,https://upload.wikimedia.org/wikipedia/commons/4/48/Rawon%20Setan%20Surabaya.jpg,ok,,,,not_checked,manual_real_food_curation_not_live_checked
FD0334,rempeyek kacang tolo,https://img-global.cpcdn.com/recipes/48ce62ec9bac2146/1200x630cq70/photo.jpg,ok,,,,not_checked,manual_real_food_curation_not_live_checked
FD0335,rempeyek kacang uci,https://img-global.cpcdn.com/recipes/a6f9e4ebc75b128d/680x482cq70/rempeyek-kacang-tanah-foto-resep-utama.jpg,ok,,,,not_checked,manual_real_food_curation_not_live_checked
FD0336,rendang sapi,https://asset.kompas.com/crops/HDe5rLDP0dEOLb6MC_UPvRTwFg8=/0x141:500x474/750x500/data/photo/2021/05/11/609a08809259f.jpg,ok,,,,not_checked,manual_real_food_curation_not_live_checked
FD0337,rengginang goreng,https://cdn.idntimes.com/content-images/community/2019/05/rengginang-manis-768x509-a83023517a0077a930f4f7d1c113f41d.jpg,ok,,,,not_checked,manual_real_food_curation_not_live_checked
FD0338,risoles,https://rasabunda.com/wp-content/uploads/2021/08/Risoles-Ragout.jpg,ok,,,,not_checked,manual_real_food_curation_not_live_checked
FD0339,roti boong,https://img-global.cpcdn.com/recipes/cee92d5a548ee3d5/680x482cq70/kue-bohongroti-goreng-empuk-dan-menul-foto-resep-utama.jpg,ok,,,,not_checked,manual_real_food_curation_not_live_checked
FD0340,roti gambang,https://cdn0-production-images-kly.akamaized.net/TR6XRCpau_4ik-E3GDzTng6DDnU=/0x300:4496x2834/1200x675/filters:quality(75):strip_icc():format(webp)/kly-media-production/medias/3573373/original/099205200_1631765412-shutterstock_1786072643.jpg,ok,,,,not_checked,manual_real_food_curation_not_live_checked
FD0341,roti putih,https://www.yesdok.com/visual/slideshow/slices-bread-white-background-article-1625550183.jpg?w=1200,ok,,,,not_checked,manual_real_food_curation_not_live_checked
FD0342,sagu ambon,https://akcdn.detik.net.id/community/media/visual/2019/05/23/5d8019b4-a99b-4aea-a6e1-96be21f8e194_43.jpeg?w=250&q=,ok,,,,not_checked,manual_real_food_curation_not_live_checked
FD0343,sagu forno,https://awsimages.detik.net.id/community/media/visual/2021/06/25/sagu-porno_43.jpeg?w=650&q=80,ok,,,,not_checked,manual_real_food_curation_not_live_checked
FD0344,sagu lempeng,https://upload.wikimedia.org/wikipedia/commons/f/fd/Sago_starch_product_sagu_lempeng_from_Maluku%2CID_feb2002.jpg,ok,,,,not_checked,manual_real_food_curation_not_live_checked
FD0345,sagu rendang,https://img-global.cpcdn.com/recipes/52dbe680ea623036/1200x630cq70/photo.jpg,ok,,,,not_checked,manual_real_food_curation_not_live_checked
FD0346,sagu sinole,https://img-global.cpcdn.com/recipes/9051c1a3e2650c22/680x482cq70/kue-kering-sagu-keju-simple-dan-enak-foto-resep-utama.jpg,ok,,,,not_checked,manual_real_food_curation_not_live_checked
FD0347,salak bali segar,https://www.static-src.com/wcsstore/Indraprastha/images/catalog/full//103/MTA-57912637/no-brand_salak-bali-gula-pasir-asli-manis-segar-1-kg_full01.jpg,ok,,,,not_checked,manual_real_food_curation_not_live_checked
FD0348,salak medan segar,https://upload.wikimedia.org/wikipedia/commons/6/69/Food_Sundanese_Restaurant%2C_Jakarta.jpg,refreshed,,,,not_checked,manual_real_food_curation_not_live_checked
FD0349,salak pondoh segar,https://images.tokopedia.net/img/cache/500-square/product-1/2019/12/15/4224508/4224508_f3dc890d-8d6d-4f5d-a6fe-cc43fe6e8567_1064_1064.jpg,ok,,,,not_checked,manual_real_food_curation_not_live_checked
FD0350,sapi daging asap,https://asset.kompas.com/crops/FMBgpWLQutfbdsgz0ZytI8a9JKo=/0x542:1080x1262/750x500/data/photo/2022/03/22/6239b98488b17.jpg,ok,,,,not_checked,manual_real_food_curation_not_live_checked
FD0351,sapi daging kornet,https://s4.bukalapak.com/attachment/418432/pengertian_kornet_main_image.jpg,ok,,,,not_checked,manual_real_food_curation_not_live_checked
FD0352,sapi paru goreng,https://awsimages.detik.net.id/community/media/visual/2022/07/14/resep-paru-goreng-ketumbar_43.jpeg?w=1200,ok,,,,not_checked,manual_real_food_curation_not_live_checked
FD0353,sate bandeng,https://asset.kompas.com/crops/4UfXhXtR7hK2atnUpqKRHGbhFuk=/3x0:700x465/750x500/data/photo/2021/02/16/602b2a91ca7f1.jpg,ok,,,,not_checked,manual_real_food_curation_not_live_checked
FD0354,sate kulit,https://img.qraved.co/v2/image/data/over-1530587392136-x.png,ok,,,,not_checked,manual_real_food_curation_not_live_checked
FD0355,sate pusut ikan,https://cdn0-production-images-kly.akamaized.net/-ZH0E7VH_7Y_VdtKDmgokQ4DAAs=/0x0:5184x2922/1200x675/filters:quality(75):strip_icc():format(webp)/kly-media-production/medias/3652549/original/060993000_1638588819-shutterstock_1729690198.jpg,ok,,,,not_checked,manual_real_food_curation_not_live_checked
FD0356,sate usus,https://assets.pikiran-rakyat.com/crop/0x0:0x0/x/photo/2022/03/17/92418359.jpeg,ok,,,,not_checked,manual_real_food_curation_not_live_checked
FD0357,sawo,https://asset-a.grid.id/crop/0x0:0x0/700x465/photo/2022/02/18/manfaat-makan-buah-sawojpg-20220218054230.jpg,ok,,,,not_checked,manual_real_food_curation_not_live_checked
FD0358,sayur asem,https://upload.wikimedia.org/wikipedia/commons/7/79/Fried_vegetables_%28Hamsa_-_Kuwaiti_food_%29.JPG,refreshed,,,,not_checked,manual_real_food_curation_not_live_checked
FD0359,sayur kohu-kohu,https://upload.wikimedia.org/wikipedia/commons/7/79/Fried_vegetables_%28Hamsa_-_Kuwaiti_food_%29.JPG,refreshed,,,,not_checked,manual_real_food_curation_not_live_checked
FD0360,sayur lebui,https://asset-a.grid.id/crop/0x0:0x0/x/photo/2021/02/25/sayur-lebuijpg-20210225095814.jpg,ok,,,,not_checked,manual_real_food_curation_not_live_checked
FD0361,sayur lilin-terubuk,https://img-global.cpcdn.com/recipes/a038616fb592cfd1/680x482cq70/sayur-lilinterubuk-santan-foto-resep-utama.jpg,ok,,,,not_checked,manual_real_food_curation_not_live_checked
FD0362,sayur ndusuk,https://upload.wikimedia.org/wikipedia/commons/7/79/Fried_vegetables_%28Hamsa_-_Kuwaiti_food_%29.JPG,refreshed,,,,not_checked,manual_real_food_curation_not_live_checked
FD0363,sayur sop,https://www.astronauts.id/blog/wp-content/uploads/2022/07/Resep-Sayur-Sop-Bening-Enak-dan-Gurih-Cocok-Saat-Tubuh-Kurang-Fit-1024x683.jpg,ok,,,,not_checked,manual_real_food_curation_not_live_checked
FD0364,sayur umbut kelapa,https://cdn0-production-images-kly.akamaized.net/H6v-Vuj_s2NuBQ1JVdAtUOraaOI=/0x0:998x562/469x260/filters:quality(75):strip_icc():format(webp)/kly-media-production/medias/3603077/original/021559400_1634270571-shutterstock_2045298773.jpg,ok,,,,not_checked,manual_real_food_curation_not_live_checked
FD0365,sayur umbut rotan,https://img-global.cpcdn.com/recipes/02702f896cf4ff96/680x482cq70/umbut-rotan-foto-resep-utama.jpg,ok,,,,not_checked,manual_real_food_curation_not_live_checked
FD0366,selada air rebus,"https://cdn.yummy.co.id/content-images/images/20210709/49DvTl27doQU4KTcGvMeptYfrUCVyrTW-31363235383338343334d41d8cd98f00b204e9800998ecf8427e.jpg?x-oss-process=image/format,webp",ok,,,,not_checked,manual_real_food_curation_not_live_checked
FD0367,semangka,https://cdn.timesmedia.co.id/images/2018/10/03/Semangka-Merah.jpg,ok,,,,not_checked,manual_real_food_curation_not_live_checked
FD0368,semur jengkol,https://assets.pikiran-rakyat.com/crop/0x135:1080x1215/x/photo/2020/11/25/1187166638.jpg,ok,,,,not_checked,manual_real_food_curation_not_live_checked
FD0369,bubuk cokelat,https://upload.wikimedia.org/wikipedia/commons/6/69/Food_Sundanese_Restaurant%2C_Jakarta.jpg,refreshed,,,,not_checked,manual_real_food_curation_not_live_checked
FD0370,sie reuboh sapi,https://cdn0-production-images-kly.akamaized.net/9A6K5z9xgb8RkvkFIp5RFFE5b_o=/0x185:4800x2890/469x260/filters:quality(75):strip_icc():format(webp)/kly-media-production/medias/3911399/original/008984200_1642826892-shutterstock_2081704363.jpg,ok,,,,not_checked,manual_real_food_curation_not_live_checked
FD0371,singkong goreng,https://sweetrip.id/wp-content/uploads/2022/04/singkong.jpeg,ok,,,,not_checked,manual_real_food_curation_not_live_checked
FD0372,singkong kukus,https://asset.kompas.com/crops/5kSIoZRz5urTHMM1PdoIQ64E0zU=/0x0:996x664/750x500/data/photo/2021/08/21/61208628cd52c.jpg,ok,,,,not_checked,manual_real_food_curation_not_live_checked
FD0373,singkong tape,https://upload.wikimedia.org/wikipedia/commons/6/69/Food_Sundanese_Restaurant%2C_Jakarta.jpg,refreshed,,,,not_checked,manual_real_food_curation_not_live_checked
FD0374,sirsak,https://assets.pikiran-rakyat.com/crop/0x0:0x0/x/photo/2021/09/20/3327403627.jpeg,ok,,,,not_checked,manual_real_food_curation_not_live_checked
FD0375,sop buntut sapi,https://upload.wikimedia.org/wikipedia/commons/2/27/Sop%20Buntut%20Oxtail%20soup.jpg,ok,,,,not_checked,manual_real_food_curation_not_live_checked
FD0376,sop daging sapi,https://img.okezone.com/content/2020/02/27/298/2175054/resep-sayur-sop-daging-masakan-rumahan-paling-populer-24WHr0ACJo.jpg,ok,,,,not_checked,manual_real_food_curation_not_live_checked
FD0377,sop kaki sapi,https://www.ruparupa.com/blog/wp-content/uploads/2021/06/Screen-Shot-2021-06-21-at-14.11.27.png,ok,,,,not_checked,manual_real_food_curation_not_live_checked
FD0378,sop kambing,https://asset.kompas.com/crops/4BopB2so0iCh5Dj_6QkB41md3B0=/3x0:700x465/750x500/data/photo/2021/01/15/6000de7b45e69.jpg,ok,,,,not_checked,manual_real_food_curation_not_live_checked
FD0379,sop konro,https://asset.kompas.com/crops/t9vL2Z6ZAjt7cnpl05cuYOfd2k4=/129x72:651x420/750x500/data/photo/2020/07/30/5f22636a0e7e0.jpg,ok,,,,not_checked,manual_real_food_curation_not_live_checked
FD0380,sop kol,https://upload.wikimedia.org/wikipedia/commons/6/69/Food_Sundanese_Restaurant%2C_Jakarta.jpg,refreshed,,,,not_checked,manual_real_food_curation_not_live_checked
FD0381,sop kol dan wortel,https://img-global.cpcdn.com/recipes/8adcb73d8f012620/680x482cq70/sop-kol-simple-foto-resep-utama.jpg,ok,,,,not_checked,manual_real_food_curation_not_live_checked
FD0382,sop saudara,https://resepkoki.id/wp-content/uploads/2018/03/Resep-Sop-Sodara.jpg,ok,,,,not_checked,manual_real_food_curation_not_live_checked
FD0383,soto bandung,https://upload.wikimedia.org/wikipedia/commons/e/e4/Soto%20Bandung.jpg,ok,,,,not_checked,manual_real_food_curation_not_live_checked
FD0384,soto banjar,https://upload.wikimedia.org/wikipedia/commons/6/69/Food_Sundanese_Restaurant%2C_Jakarta.jpg,refreshed,,,,not_checked,manual_real_food_curation_not_live_checked
FD0385,soto betawi,https://upload.wikimedia.org/wikipedia/commons/d/d7/SOTO%20BETAWI.jpg,ok,,,,not_checked,manual_real_food_curation_not_live_checked
FD0386,soto dengan daging,https://commons.wikimedia.org/wiki/Special:FilePath/SOTO%20BETAWI.jpg,ok,,,,not_checked,manual_real_food_curation_not_live_checked
FD0387,soto jeroan sapi,https://awsimages.detik.net.id/community/media/visual/2022/03/15/resep-soto-jeroan-sapi_43.jpeg?w=1200,ok,,,,not_checked,manual_real_food_curation_not_live_checked
FD0388,soto kudus,https://upload.wikimedia.org/wikipedia/commons/6/69/Food_Sundanese_Restaurant%2C_Jakarta.jpg,refreshed,,,,not_checked,manual_real_food_curation_not_live_checked
FD0389,soto madura,"https://cdn.yummy.co.id/content-images/images/20210311/FyZCyT9dfZQGp9zNZhL2iuoQn9pA7hpK-31363135343538363836d41d8cd98f00b204e9800998ecf8427e.jpg?x-oss-process=image/format,webp",ok,,,,not_checked,manual_real_food_curation_not_live_checked
FD0390,soto padang,https://topwisata.info/wp-content/uploads/2020/11/resep2Bsoto2Bpadang2B252812529.jpg,ok,,,,not_checked,manual_real_food_curation_not_live_checked
FD0391,soto pekalongan,https://www.topwisata.info/wp-content/uploads/2021/12/Soto-Tauto-Pekalongan-1.jpg,ok,,,,not_checked,manual_real_food_curation_not_live_checked
FD0392,soto pemalang,https://i0.wp.com/bogor-today.com/wp-content/uploads/2022/09/87456.jpg,ok,,,,not_checked,manual_real_food_curation_not_live_checked
FD0393,soto sukaraja,https://upload.wikimedia.org/wikipedia/commons/6/69/Food_Sundanese_Restaurant%2C_Jakarta.jpg,refreshed,,,,not_checked,manual_real_food_curation_not_live_checked
FD0394,soto sulung,https://www.primarasa.co.id/images/images/Soto%20sulung%20artikel%281%29.jpg,ok,,,,not_checked,manual_real_food_curation_not_live_checked
FD0395,soto tanpa daging,https://resepkoki.id/wp-content/uploads/2019/11/Soto-Ayam-Bening.jpg,ok,,,,not_checked,manual_real_food_curation_not_live_checked
FD0396,nasu likku masakan,https://upload.wikimedia.org/wikipedia/commons/6/69/Food_Sundanese_Restaurant%2C_Jakarta.jpg,refreshed,429,text/html; charset=utf-8,,blocked_or_error,http_error_429
FD0397,susu kambing,https://cdn.hellosehat.com/2019/04/0301a50d-shutterstock_1082562986-e1616553170498.jpg?w=828&q=75,ok,,,,not_checked,manual_real_food_curation_not_live_checked
FD0398,susu kedelai,https://www.astronauts.id/blog/wp-content/uploads/2022/11/Ini-Keunggulan-Susu-Kedelai-Dibanding-Susu-Sapi-yang-Tidak-Banyak-Orang-Tahu-1200x900.jpg,ok,,,,not_checked,manual_real_food_curation_not_live_checked
FD0399,susu kental manis,https://asset.kompas.com/crops/C220cRbRPu0EoI8SMHWr0HeFGuU=/0x0:750x500/750x500/data/photo/2022/06/03/6299dc0edf868.jpg,ok,,,,not_checked,manual_real_food_curation_not_live_checked
FD0400,susu kental tak manis,https://res.cloudinary.com/dk0z4ums3/image/upload/v1627294463/attached_image/menakar-jumlah-kalori-kental-manis.jpg,ok,,,,not_checked,manual_real_food_curation_not_live_checked
FD0401,susu kerbau,https://img.okezone.com/content/2018/06/01/481/1905351/tak-kalah-dari-sapi-minum-susu-kerbau-bisa-turunkan-kolesterol-jahat-xdwHF7iYmc.jpeg,ok,,,,not_checked,manual_real_food_curation_not_live_checked
FD0402,susu sapi,https://awsimages.detik.net.id/community/media/visual/2022/01/16/ciri-ciri-susu-sapi-segar-sudah-basi-1.jpeg?w=1200,ok,,,,not_checked,manual_real_food_curation_not_live_checked
FD0403,susu skim tak berlemak,https://upload.wikimedia.org/wikipedia/commons/1/1a/Milk_Allergy.jpg,refreshed,,,,not_checked,manual_real_food_curation_not_live_checked
FD0404,tahu goreng,https://img-global.cpcdn.com/recipes/33285f91f3b22e50/1200x630cq70/photo.jpg,ok,,,,not_checked,manual_real_food_curation_not_live_checked
FD0405,talas bogor kukus,https://img-global.cpcdn.com/recipes/efaf364743906d68/680x482cq70/urab-talas-bogor-kukus-foto-resep-utama.jpg,ok,,,,not_checked,manual_real_food_curation_not_live_checked
FD0406,taoge goreng,https://upload.wikimedia.org/wikipedia/commons/6/69/Food_Sundanese_Restaurant%2C_Jakarta.jpg,refreshed,,,,not_checked,manual_real_food_curation_not_live_checked
FD0407,tapai ketan hitam,https://d1vbn70lmn1nqe.cloudfront.net/prod/wp-content/uploads/2022/11/14105431/Adakah-Manfaat-Tape-Ketan-Hitam-bagi-Kesehatan-Ini-Faktanya.jpg,ok,,,,not_checked,manual_real_food_curation_not_live_checked
FD0408,tapai ketan putih,https://assets.pikiran-rakyat.com/crop/0x0:0x0/x/photo/2022/05/16/275251457.jpg,ok,,,,not_checked,manual_real_food_curation_not_live_checked
FD0409,tapai singkong,https://res.cloudinary.com/dk0z4ums3/image/upload/v1674095060/attached_image/7-manfaat-tape-singkong-untuk-kesehatan-yang-perlu-diketahui.jpg,ok,,,,not_checked,manual_real_food_curation_not_live_checked
FD0410,telur ayam ceplok,https://asset.kompas.com/crops/iCoT-Kr0xhu1V1MGOEhihIfgbYk=/0x0:498x332/750x500/data/photo/2020/02/07/5e3d3ae57251e.jpg,ok,,,,not_checked,manual_real_food_curation_not_live_checked
FD0411,telur ayam dadar,https://awsimages.detik.net.id/community/media/visual/2022/05/07/resep-telur-dadar-ayam_43.jpeg?w=700&q=90,ok,,,,not_checked,manual_real_food_curation_not_live_checked
FD0412,telur bebek ceplok,https://statik.tempo.co/data/2020/06/02/id_942491/942491_720.jpg,ok,,,,not_checked,manual_real_food_curation_not_live_checked
FD0413,telur bebek dadar,https://cdn0-production-images-kly.akamaized.net/1WivGEoDIspEllYaxZHrpqkjEYQ=/1200x675/smart/filters:quality(75):strip_icc():format(webp)/kly-media-production/medias/2468104/original/014966900_1543254943-resep-dadar-telur-bebek-sayur-enak-dan-tidak-amis.jpg,ok,,,,not_checked,manual_real_food_curation_not_live_checked
FD0414,tempe goreng,https://asset.kompas.com/crops/tnGS6LHPv4vxzDYTS-JJdLXBrjo=/0x41:1000x708/1200x800/data/photo/2020/04/01/5e841eccea33c.jpg,ok,,,,not_checked,manual_real_food_curation_not_live_checked
FD0415,tempe kedelai murni goreng,https://media.hitekno.com/thumbs/2020/02/24/21141-ilustrasi-tempe-goreng-shutterstock/730x480-img-21141-ilustrasi-tempe-goreng-shutterstock.jpg,ok,,,,not_checked,manual_real_food_curation_not_live_checked
FD0416,tempe pasar goreng,https://cdn.antaranews.com/cache/800x533/2021/01/23/tempe.jpg,ok,,,,not_checked,manual_real_food_curation_not_live_checked
FD0417,tempe sayur,https://fibercreme.com/wp-content/uploads/2021/05/tempe-lombok-ijo-santan_.jpg,ok,,,,not_checked,manual_real_food_curation_not_live_checked
FD0418,teri balado,https://upload.wikimedia.org/wikipedia/commons/6/69/Food_Sundanese_Restaurant%2C_Jakarta.jpg,refreshed,,,,not_checked,manual_real_food_curation_not_live_checked
FD0419,terong kukus,https://1.bp.blogspot.com/-Geazm3gHNOw/WrJfbbzv9XI/AAAAAAAACe0/ivjlGyMEIuQKPKORmHkPF9SIluhx0Ad5ACLcBGAs/s1600/photo.jpg,ok,,,,not_checked,manual_real_food_curation_not_live_checked
FD0420,terung panjang kukus,https://i1.wp.com/dailymakan.com/wp-content/uploads/2022/02/TERUNG-KUKUS-ALA-KOREA-6.jpg?ssl=1,ok,,,,not_checked,manual_real_food_curation_not_live_checked
FD0421,tim nasi tim,https://upload.wikimedia.org/wikipedia/commons/8/84/Cooked_Rice_2.jpg,refreshed,,,,not_checked,manual_real_food_curation_not_live_checked
FD0422,tomat masak,https://upload.wikimedia.org/wikipedia/commons/6/69/Food_Sundanese_Restaurant%2C_Jakarta.jpg,refreshed,,,,not_checked,manual_real_food_curation_not_live_checked
FD0423,tumis bandeng,https://img.okezone.com/content/2018/04/26/298/1891625/kacang-panjang-tumis-tauge-dan-bandeng-bumbu-acar-menu-makan-siang-yang-sempurna-fPgLm3B8Js.jpg,ok,,,,not_checked,manual_real_food_curation_not_live_checked
FD0424,tumis bayam bersantan,https://cdn1-production-images-kly.akamaized.net/4a0ttXDkFeMMNthY5iFfBhug3Ys=/1200x675/smart/filters:quality(75):strip_icc():format(webp)/kly-media-production/medias/3437424/original/069907400_1619146736-Bobor_Bayam_Jagung.jpg,ok,,,,not_checked,manual_real_food_curation_not_live_checked
FD0425,ubi cilembu,https://assets-a1.kompasiana.com/items/album/2021/11/11/img-20211111-wa0043-618cbcd606310e41062eaf72.jpg,ok,,,,not_checked,manual_real_food_curation_not_live_checked
FD0426,ubi jalar goreng,https://resepkoki.id/wp-content/uploads/2022/03/Resep-Ubi-Goreng.jpg,ok,,,,not_checked,manual_real_food_curation_not_live_checked
FD0427,ubi jalar kuning kukus,https://img-global.cpcdn.com/recipes/96d4a66b6b3523c4/1200x630cq70/photo.jpg,ok,,,,not_checked,manual_real_food_curation_not_live_checked
FD0428,ubi jalar merah,https://akcdn.detik.net.id/visual/2020/11/23/ilustrasi-ubi-ungu-1_169.jpeg?w=650,ok,,,,not_checked,manual_real_food_curation_not_live_checked
FD0429,ubi jalar putih,https://cdn.idntimes.com/content-images/community/2019/06/white-sweet-potatoes-1296x728-7ec7f00d7808a28366c0e5cf1c95d104.jpg,ok,,,,not_checked,manual_real_food_curation_not_live_checked
FD0430,ubi jalar rebus,https://d1bpj0tv6vfxyp.cloudfront.net/articles/807337_27-11-2020_8-6-29.jpeg,ok,,,,not_checked,manual_real_food_curation_not_live_checked
FD0431,ubi jalar sayur,https://assets.promediateknologi.id/crop/0x0:0x0/750x500/webp/photo/jawapos/2022/11/daun-ubi-jalar.jpg,ok,,,,not_checked,manual_real_food_curation_not_live_checked
FD0432,wortel kukus,https://www.wikihow.com/images_en/thumb/b/bf/Steam-Carrots-Step-3-Version-3.jpg/550px-nowatermark-Steam-Carrots-Step-3-Version-3.jpg,ok,,,,not_checked,manual_real_food_curation_not_live_checked
FD0433,wortel rebus,https://asset-a.grid.id/crop/0x222:594x690/700x0/photo/2022/03/05/manfaat-makan-worteljpg-20220305070713.jpg,ok,,,,not_checked,manual_real_food_curation_not_live_checked
FD0434,yoghurt,https://d1vbn70lmn1nqe.cloudfront.net/prod/wp-content/uploads/2022/08/04071319/Inilah-Alasan-Greek-Yogurt-Menjadi-Cemilan-Sehat.jpg,ok,,,,not_checked,manual_real_food_curation_not_live_checked
FD0435,nasi liwet solo,https://upload.wikimedia.org/wikipedia/commons/a/a5/Nasi%20Liwet.jpg,ok,,,,not_checked,manual_real_food_curation_not_live_checked
FD0436,nasi kuning komplit,https://upload.wikimedia.org/wikipedia/commons/a/ad/Nasi%20kuning.JPG,ok,,,,not_checked,manual_real_food_curation_not_live_checked
FD0437,bubur ayam,https://upload.wikimedia.org/wikipedia/commons/b/b8/Bubur%20ayam.jpg,ok,,,,not_checked,manual_real_food_curation_not_live_checked
FD0438,soto lamongan,https://upload.wikimedia.org/wikipedia/commons/9/98/Soto%20Lamongan.jpg,ok,,,,not_checked,manual_real_food_curation_not_live_checked
FD0439,sate ayam madura,https://upload.wikimedia.org/wikipedia/commons/2/2c/Sate%20Ayam%20Madura.jpg,ok,,,,not_checked,manual_real_food_curation_not_live_checked
FD0440,sate padang,https://upload.wikimedia.org/wikipedia/commons/6/6e/Sate%20Padang.JPG,ok,,,,not_checked,manual_real_food_curation_not_live_checked
FD0441,ayam penyet,https://upload.wikimedia.org/wikipedia/commons/7/76/Ayam%20penyet.JPG,ok,,,,not_checked,manual_real_food_curation_not_live_checked
FD0442,ayam geprek,https://upload.wikimedia.org/wikipedia/commons/1/1e/Ayam%20geprek.jpg,ok,,,,not_checked,manual_real_food_curation_not_live_checked
FD0443,pecel lele,https://upload.wikimedia.org/wikipedia/commons/0/05/Pecel%20Lele%201.JPG,ok,,,,not_checked,manual_real_food_curation_not_live_checked
FD0444,lontong sayur,https://upload.wikimedia.org/wikipedia/commons/8/8c/Lontong%20sayur.jpg,ok,,,,not_checked,manual_real_food_curation_not_live_checked
FD0445,ketoprak jakarta,https://upload.wikimedia.org/wikipedia/commons/d/d2/Ketoprak.jpg,ok,,,,not_checked,manual_real_food_curation_not_live_checked
FD0446,pepes ikan,https://upload.wikimedia.org/wikipedia/commons/1/1d/IkanPepes.JPG,ok,,,,not_checked,manual_real_food_curation_not_live_checked
FD0447,tumis kangkung,https://upload.wikimedia.org/wikipedia/commons/0/01/Tumis%20kangkung.JPG,ok,,,,not_checked,manual_real_food_curation_not_live_checked
FD0448,tekwan,https://upload.wikimedia.org/wikipedia/commons/2/20/Tekwan.JPG,ok,,,,not_checked,manual_real_food_curation_not_live_checked
FD0449,tahu campur,https://upload.wikimedia.org/wikipedia/commons/6/68/Tahu%20campur%20Ambarawa.jpg,ok,,,,not_checked,manual_real_food_curation_not_live_checked
FD0450,capcay kuah,https://upload.wikimedia.org/wikipedia/commons/e/ee/Cap%20Cay%20%28Sayur%20Cap%20Chay%29%202.jpg,ok,,,,not_checked,manual_real_food_curation_not_live_checked
FD0451,telur balado,https://upload.wikimedia.org/wikipedia/commons/c/cc/Telur%20Balado.jpg,ok,,,,not_checked,manual_real_food_curation_not_live_checked
FD0452,tempe orek,https://upload.wikimedia.org/wikipedia/commons/9/92/Tempe%20Orek.jpg,ok,,,,not_checked,manual_real_food_curation_not_live_checked
FD0453,ikan bakar dabu-dabu,https://upload.wikimedia.org/wikipedia/commons/5/5e/Ikan%20Tude%20Bakar.JPG,ok,,,,not_checked,manual_real_food_curation_not_live_checked
FD0454,nasi campur bali,https://commons.wikimedia.org/wiki/Special:FilePath/Nasi%20campur%20bali.jpg,ok,,,,not_checked,manual_real_food_curation_not_live_checked
FD0455,tongseng sapi,https://upload.wikimedia.org/wikipedia/commons/8/86/Tongseng%20Sapi.jpg,ok,,,,not_checked,manual_real_food_curation_not_live_checked
FD0456,semur daging sapi,https://upload.wikimedia.org/wikipedia/commons/2/2e/Semur%20Daging%20Kentang.JPG,ok,,,,not_checked,manual_real_food_curation_not_live_checked
FD0457,sop iga sapi,https://upload.wikimedia.org/wikipedia/commons/4/4c/Beef%20soup%20may%202021.jpg,ok,,,,not_checked,manual_real_food_curation_not_live_checked
FD0458,soto ayam bening,https://upload.wikimedia.org/wikipedia/commons/c/c4/Soto%20ayam.JPG,ok,,,,not_checked,manual_real_food_curation_not_live_checked
FD0459,sop ayam sayuran,https://upload.wikimedia.org/wikipedia/commons/7/7d/Chicken%20soup%20with%20vegetables.jpg,ok,,,,not_checked,manual_real_food_curation_not_live_checked
FD0460,opor ayam,https://upload.wikimedia.org/wikipedia/commons/e/e0/Opor%20ayam.jpg,ok,,,,not_checked,manual_real_food_curation_not_live_checked
FD0461,kari ayam,https://upload.wikimedia.org/wikipedia/commons/2/24/Gulai%20ayam.jpg,ok,,,,not_checked,manual_real_food_curation_not_live_checked
FD0462,garang asem ayam,https://upload.wikimedia.org/wikipedia/commons/5/52/Garang%20asem%20ayam.jpg,ok,,,,not_checked,manual_real_food_curation_not_live_checked
FD0463,pindang ikan patin,https://upload.wikimedia.org/wikipedia/commons/e/e4/Pindang%20patin.jpg,ok,,,,not_checked,manual_real_food_curation_not_live_checked
FD0464,ikan kuah kuning,https://upload.wikimedia.org/wikipedia/commons/e/e6/Papeda%2C%20Kuah%20Kuning%2C%20Ikan%20Tude%20Bakar%202.jpg,ok,,,,not_checked,manual_real_food_curation_not_live_checked
FD0465,sop ikan batam,https://upload.wikimedia.org/wikipedia/commons/a/a8/Sop%20ikan%20Batam.jpg,ok,,,,not_checked,manual_real_food_curation_not_live_checked
FD0466,mangut lele,https://upload.wikimedia.org/wikipedia/commons/7/7b/Mangut%20lele.jpg,ok,,,,not_checked,manual_real_food_curation_not_live_checked
FD0467,gulai kepala ikan,https://upload.wikimedia.org/wikipedia/commons/f/ff/Gulai%20kepala%20ikan.jpg,ok,,,,not_checked,manual_real_food_curation_not_live_checked
FD0468,tongseng kambing,https://upload.wikimedia.org/wikipedia/commons/a/a8/Tongseng%20kambing.JPG,ok,,,,not_checked,manual_real_food_curation_not_live_checked
FD0469,tengkleng kambing,https://upload.wikimedia.org/wikipedia/commons/b/b1/Tengkleng%20kambing.jpg,ok,,,,not_checked,manual_real_food_curation_not_live_checked
FD0470,bakwan jagung,https://upload.wikimedia.org/wikipedia/commons/7/71/Bakwan%20jagung.jpg,ok,,,,not_checked,manual_real_food_curation_not_live_checked
FD0471,perkedel jagung,https://upload.wikimedia.org/wikipedia/commons/4/40/Perkedel%20jagung.jpg,ok,,,,not_checked,manual_real_food_curation_not_live_checked
FD0472,sayur asem jagung,https://upload.wikimedia.org/wikipedia/commons/0/07/Sayur%20asem.JPG,ok,,,,not_checked,manual_real_food_curation_not_live_checked
FD0473,sup jagung ayam,https://upload.wikimedia.org/wikipedia/commons/0/08/Chicken%20corn%20soup.jpg,ok,,,,not_checked,manual_real_food_curation_not_live_checked
FD0474,sayur lodeh,https://upload.wikimedia.org/wikipedia/commons/8/87/Sayur%20lodeh.JPG,ok,,,,not_checked,manual_real_food_curation_not_live_checked
FD0475,urap sayur,https://upload.wikimedia.org/wikipedia/commons/1/13/Urap%20sayur.jpg,ok,,,,not_checked,manual_real_food_curation_not_live_checked
FD0476,pecel sayur,https://upload.wikimedia.org/wikipedia/commons/4/48/Pecel%20sayur.jpg,ok,,,,not_checked,manual_real_food_curation_not_live_checked
FD0477,nasi pecel,https://upload.wikimedia.org/wikipedia/commons/c/c6/Nasi%20pecel.jpg,ok,,,,not_checked,manual_real_food_curation_not_live_checked
FD0478,ayam rica-rica,https://upload.wikimedia.org/wikipedia/commons/a/a5/Ayam%20rica-rica.jpg,ok,,,,not_checked,manual_real_food_curation_not_live_checked
FD0479,ayam betutu,https://upload.wikimedia.org/wikipedia/commons/a/a0/Ayam%20Betutu.jpg,ok,,,,not_checked,manual_real_food_curation_not_live_checked
FD0480,ayam bumbu rujak,https://upload.wikimedia.org/wikipedia/commons/b/b6/Ayam%20bumbu%20rujak.jpg,ok,,,,not_checked,manual_real_food_curation_not_live_checked
FD0481,tahu telur,https://upload.wikimedia.org/wikipedia/commons/c/c6/Tahu%20telur.jpg,ok,,,,not_checked,manual_real_food_curation_not_live_checked
FD0482,tahu gejrot,https://upload.wikimedia.org/wikipedia/commons/d/de/Tahu%20gejrot.jpg,ok,,,,not_checked,manual_real_food_curation_not_live_checked
FD0483,rujak buah,https://upload.wikimedia.org/wikipedia/commons/7/75/Rujak%20buah.jpg,ok,,,,not_checked,manual_real_food_curation_not_live_checked
FD0484,bubur kacang hijau,https://upload.wikimedia.org/wikipedia/commons/4/46/Bubur%20kacang%20hijau.jpg,ok,,,,not_checked,manual_real_food_curation_not_live_checked
